-- phpMyAdmin SQL Dump
-- version 4.1.14
-- http://www.phpmyadmin.net
--
-- Host: 127.0.0.1
-- Generation Time: 10-Dez-2016 ‡s 22:15
-- Vers„o do servidor: 5.6.17
-- PHP Version: 5.5.12

SET SQL_MODE = "NO_AUTO_VALUE_ON_ZERO";
SET time_zone = "+00:00";


/*!40101 SET @OLD_CHARACTER_SET_CLIENT=@@CHARACTER_SET_CLIENT */;
/*!40101 SET @OLD_CHARACTER_SET_RESULTS=@@CHARACTER_SET_RESULTS */;
/*!40101 SET @OLD_COLLATION_CONNECTION=@@COLLATION_CONNECTION */;
/*!40101 SET NAMES utf8 */;

--
-- Database: `artpublicmtl`
--

-- --------------------------------------------------------

--
-- Estrutura da tabela `administrateur`
--

CREATE TABLE IF NOT EXISTS `administrateur` (
  `nom` varchar(20) CHARACTER SET latin1 NOT NULL DEFAULT '',
  `motDePasse` varchar(10) CHARACTER SET latin1 DEFAULT NULL,
  PRIMARY KEY (`nom`),
  UNIQUE KEY `nom` (`nom`)
) ENGINE=InnoDB DEFAULT CHARSET=utf8;

-- --------------------------------------------------------

--
-- Estrutura da tabela `arrondissement`
--

CREATE TABLE IF NOT EXISTS `arrondissement` (
  `nom` varchar(50) CHARACTER SET latin1 NOT NULL DEFAULT '',
  PRIMARY KEY (`nom`),
  UNIQUE KEY `nom` (`nom`)
) ENGINE=InnoDB DEFAULT CHARSET=utf8;

--
-- Extraindo dados da tabela `arrondissement`
--

INSERT INTO `arrondissement` (`nom`) VALUES
('Ahuntsic-Cartierville'),
('Anjou'),
('Baie-d''Urf√©'),
('Beaconsfield'),
('C√¥te-des-Neiges-Notre-Dame-de-Gr√¢ce'),
('C√¥te-Saint-Luc'),
('Dollard-des-Ormeaux'),
('Dorval'),
('Hampstead'),
('Kirkland'),
('L''√éle-Bizard-Sainte-Genevi√®ve'),
('L''√éle-Dorval'),
('Lachine'),
('LaSalle'),
('Le Plateau-Mont-Royal'),
('Le Sud-Ouest'),
('Mercier-Hochelaga-Maisonneuve'),
('Mont-Royal'),
('Montr√©al-Est'),
('Montr√©al-Nord'),
('Montr√©al-Ouest'),
('Outremont'),
('Pierrefonds-Roxboro'),
('Pointe-Claire'),
('Rivi√®re-des-Prairies-Pointe-aux-Trembles'),
('Rosemont-La Petite-Patrie'),
('Saint-Laurent'),
('Saint-L√©onard'),
('Sainte-Anne-de-Bellevue'),
('Senneville'),
('Verdun'),
('Ville-Marie'),
('Villeray-Saint-Michel-Parc-Extension'),
('Westmount');

-- --------------------------------------------------------

--
-- Estrutura da tabela `artiste`
--

CREATE TABLE IF NOT EXISTS `artiste` (
  `id` int(11) NOT NULL AUTO_INCREMENT,
  `noInterne` int(11) DEFAULT NULL,
  `nom` varchar(50) CHARACTER SET latin1 DEFAULT NULL,
  `prenom` varchar(50) CHARACTER SET latin1 DEFAULT NULL,
  `nomCollectif` varchar(50) CHARACTER SET latin1 DEFAULT NULL,
  `biographie` varchar(2000) CHARACTER SET latin1 DEFAULT NULL,
  `valide` tinyint(1) DEFAULT '0',
  PRIMARY KEY (`id`),
  UNIQUE KEY `id` (`id`),
  UNIQUE KEY `noInterne` (`noInterne`)
) ENGINE=InnoDB  DEFAULT CHARSET=utf8 AUTO_INCREMENT=300 ;

--
-- Extraindo dados da tabela `artiste`
--

INSERT INTO `artiste` (`id`, `noInterne`, `nom`, `prenom`, `nomCollectif`, `biographie`, `valide`) VALUES
(1, 960, 'Coutu', 'Patrick', NULL, NULL, 0),
(2, 1098, 'Alloucherie', 'Jocelyne', NULL, 'Jocelyne Alloucherie vit et travaille ‡ MontrÈal. ¿ travers des configurations complexes, son oeuvre explore de maniËre conceptuelle et poÈtique des notions relatives ‡ líimage, ‡ líobjet et au lieu. Elle a rÈalisÈ de nombreuses installations qui associent des ÈlÈments relevant de considÈrations sculpturales, architecturales et photographiques. http://www.jocelynealloucherie.com/iiix/home/', 0),
(4, 1135, 'Angers', 'Pierre Yves', NULL, NULL, 0),
(6, 1152, 'Arsenault', 'Denise', NULL, NULL, 0),
(7, 1156, NULL, NULL, 'Atelier TAG', NULL, 0),
(8, 1173, 'Adam', 'Henri-Georges', NULL, 'Henri-Georges Adam (1904-1967) est un graveur et sculpteur non figuratif franÁais de la nouvelle …cole de Paris qui a Ègalement rÈalisÈ de nombreuses tapisseries monumentales.  https://fr.wikipedia.org/wiki/Henri-Georges_Adam', 0),
(9, 1394, 'Antoci', 'Rosario', NULL, NULL, 0),
(10, 1396, 'Aquino', 'Eduardo', NULL, NULL, 0),
(11, 6661, 'Streubel', 'Heinrich', NULL, NULL, 0),
(12, 1398, 'Inconnu', 'Auteur', NULL, NULL, 0),
(16, 3091, 'Pootoogook', 'Elijah Pudlat', NULL, NULL, 0),
(19, 1408, 'Baier', 'Nicolas', NULL, NULL, 0),
(21, 1174, 'Balboni', 'Carlo', NULL, NULL, 0),
(22, 1424, 'B√©langer', 'Octave', NULL, NULL, 0),
(23, 1177, 'Benet', 'Eug√®ne-Paul', NULL, NULL, 0),
(24, 1179, 'Berezowsky', 'Liliana', NULL, NULL, 0),
(25, 1180, 'Bergeron', 'Germain', NULL, NULL, 0),
(26, 1433, 'B√©rub√©', 'Patrick', NULL, NULL, 0),
(27, 1183, 'Boisvert', 'Gilles', NULL, NULL, 0),
(29, 1184, 'Borduas', 'Paul', NULL, NULL, 0),
(30, 1453, 'Borduas', 'Paul-√âmile', NULL, NULL, 0),
(36, 1458, 'Boudot', 'Lucien', NULL, NULL, 0),
(37, 1462, 'Bourassa', 'Guy', NULL, NULL, 0),
(38, 1185, 'Bourgault', 'Pierre', NULL, NULL, 0),
(39, 1186, 'Bourgeau', 'Annick', NULL, NULL, 0),
(41, 1187, 'Boyer', 'Gilbert', NULL, NULL, 0),
(43, 1473, 'Bri√®re', 'Marie-France', NULL, NULL, 0),
(44, 1188, 'Brunet', '√âmile', NULL, NULL, 0),
(46, 1189, 'Buren', 'Daniel', NULL, NULL, 0),
(47, 1190, 'Burman', 'Irving', NULL, NULL, 0),
(48, 1191, 'Cadieux', 'Alain', NULL, NULL, 0),
(49, 1192, 'Calder', 'Alexander', NULL, NULL, 0),
(50, 1193, 'Cantieni', 'Graham', NULL, NULL, 0),
(51, 1194, 'Cardenas', 'Augustin', NULL, NULL, 0),
(52, 1195, 'Carpentier', 'Jacques', NULL, NULL, 0),
(55, 1496, 'Cartier', 'Jean', NULL, NULL, 0),
(56, 1196, 'Casini', 'Guido', NULL, NULL, 0),
(58, 1197, 'Cavalli', 'Roger', NULL, NULL, 0),
(59, 1504, 'Charland-Favretti', 'Lyse', NULL, NULL, 0),
(60, 1198, 'Charney', 'Melvin', NULL, NULL, 0),
(61, 1199, 'Chavignier', 'Louis', NULL, NULL, 0),
(62, 1509, 'Comtois', 'Ulysse', NULL, NULL, 0),
(63, 1511, 'Connolly', 'Reynald', NULL, NULL, 0),
(64, 1200, NULL, NULL, 'Cooke-Sasseville', NULL, 0),
(66, 1515, 'Covit', 'Linda', NULL, NULL, 0),
(70, 1202, 'Daoust', 'Sylvia', NULL, NULL, 0),
(71, 1203, 'Dardel', 'Ren√©', NULL, NULL, 0),
(72, 1204, 'Daudelin', 'Charles', NULL, NULL, 0),
(76, 1205, 'De Almeida', 'Charters', NULL, NULL, 0),
(77, 1206, 'De Broin', 'Michel', NULL, NULL, 0),
(79, 1207, 'De Leon Imao', 'Abdulmari Jr.', NULL, NULL, 0),
(80, 1208, 'De Palma', 'Armand', NULL, NULL, 0),
(81, 1547, 'De Tonnancour', 'Jacques', NULL, NULL, 0),
(82, 1209, 'Debr√©', 'Olivier', NULL, NULL, 0),
(83, 1210, 'Delavalle', 'Jean-Marie', NULL, NULL, 0),
(84, 1552, 'Delfosse', 'George', NULL, NULL, 0),
(85, 1211, 'D√©midoff-S√©guin', 'Tatiana', NULL, NULL, 0),
(87, 1212, 'Dubois', 'Pierre-Gilles', NULL, NULL, 0),
(88, 1213, 'Dubray', 'Vital', NULL, NULL, 0),
(89, 1214, 'Dumouchel', 'Agn√®s', NULL, NULL, 0),
(90, 1215, 'Duval', 'Lucie', NULL, NULL, 0),
(92, 1219, 'Dyens', 'Georges', NULL, NULL, 0),
(93, 1220, 'Edstrom', 'Peter David', NULL, NULL, 0),
(94, 1221, 'Eloul', 'Kosso', NULL, NULL, 0),
(95, 1572, 'Faniel', 'Alfred', NULL, NULL, 0),
(96, 1574, 'Farley', 'Denis', NULL, NULL, 0),
(97, 1575, 'Filion', 'Armand', NULL, NULL, 0),
(99, 1576, 'Fiorucci', 'Vittorio', NULL, NULL, 0),
(101, 1223, 'Fontaine', 'Lorraine', NULL, NULL, 0),
(102, 1584, 'Fortin', 'Marc-Aur√®le', NULL, NULL, 0),
(103, 1222, 'Fournelle', 'Andr√©', NULL, NULL, 0),
(108, 1225, 'Galipeau', 'Benoit', NULL, NULL, 0),
(109, 1226, 'Gavoty', 'Jean-Fran√ßois', NULL, NULL, 0),
(110, 1227, 'Gladstone', 'Gerald', NULL, NULL, 0),
(111, 1228, 'Gnass', 'Peter', NULL, NULL, 0),
(112, 1229, 'Gokakis', 'Spyros', NULL, NULL, 0),
(113, 1230, 'Gorduz', 'Vasile', NULL, NULL, 0),
(114, 1231, 'Goulet', 'Michel', NULL, NULL, 0),
(120, 1232, 'Goulet', 'Rose-Marie', NULL, NULL, 0),
(123, 1233, 'Granche', 'Pierre', NULL, NULL, 0),
(124, 1234, 'Granet', 'Roseline', NULL, NULL, 0),
(126, 1236, 'Hayeur', 'Isabelle', NULL, NULL, 0),
(127, 1645, 'H√©bert', 'Adrien', NULL, NULL, 0),
(128, 1237, 'H√©bert', 'Henri', NULL, NULL, 0),
(130, 1653, 'H√©bert', 'Jacques', NULL, NULL, 0),
(131, 1238, 'H√©bert', 'Louis-Philippe', NULL, NULL, 0),
(135, 1239, 'Heyvaert', 'Pierre', NULL, NULL, 0),
(136, 1240, 'Hill', 'George William', NULL, NULL, 0),
(139, 1671, 'Holgate', 'Edwin H.', NULL, NULL, 0),
(140, 1242, 'Hunt', 'Henry', NULL, NULL, 0),
(141, 1243, 'Hunter', 'Raoul', NULL, NULL, 0),
(143, 1246, 'Jarnuszkiewicz', 'Jacek', NULL, NULL, 0),
(144, 1681, 'Keyt', 'George', NULL, NULL, 0),
(145, 1247, 'Lachapelle', 'Guillaume', NULL, NULL, 0),
(147, 1248, 'Lalibert√©', 'Alfred', NULL, NULL, 0),
(152, 1694, 'Lamarche', 'Claude', NULL, NULL, 0),
(155, 1249, 'Lancz', 'Paul', NULL, NULL, 0),
(158, 1250, 'Langevin', 'Roger', NULL, NULL, 0),
(160, 1707, 'Lapalme', 'Robert', NULL, NULL, 0),
(161, 1709, 'Lapointe', 'Mich√®le', NULL, NULL, 0),
(163, 1251, 'Lariv√©e', 'Francine', NULL, NULL, 0),
(164, 1252, 'Larivi√®re', 'Gilles', NULL, NULL, 0),
(165, 1253, 'Lasalle', 'Jules', NULL, NULL, 0),
(170, 1254, 'Lawson', 'Georges Anderson', NULL, NULL, 0),
(171, 1255, 'Leblanc', 'Pierre', NULL, NULL, 0),
(177, 1257, 'Lebourg', 'Charles-Auguste', NULL, NULL, 0),
(178, 1258, 'Leclerc', 'Pierre E.', NULL, NULL, 0),
(179, 1256, 'Lef√©bure', 'Jean', NULL, NULL, 0),
(180, 1260, 'Lemieux', 'F. Maurice', NULL, NULL, 0),
(185, 1259, 'Lemieux', 'Lisette', NULL, NULL, 0),
(189, 1262, NULL, NULL, 'Les Industries perdues', NULL, 0),
(190, 1263, 'Lui', 'Andrew', NULL, NULL, 0),
(191, 1264, 'Maler', 'Miroslav Frederik', NULL, NULL, 0),
(193, 1772, 'McCarthy', 'Coeur de lion', NULL, NULL, 0),
(194, 1241, 'Hilton-Moore', 'Marlene', NULL, NULL, 0),
(195, 1775, 'Merola', 'Mario', NULL, NULL, 0),
(197, 1266, 'Mihalcean', 'Gilles', NULL, NULL, 0),
(200, 1267, 'Millette', 'Claude', NULL, NULL, 0),
(204, 2786, 'Mitchell', 'Robert', NULL, NULL, 0),
(205, 1270, 'Moore', 'David', NULL, NULL, 0),
(206, 1797, 'Moreau', 'Mathurin', NULL, NULL, 0),
(207, 1271, 'Morin', 'Jean-Pierre', NULL, NULL, 0),
(209, 1802, 'Morin', 'Madeleine', NULL, NULL, 0),
(210, 1804, 'Morosoli', 'Jo√´lle', NULL, NULL, 0),
(211, 1805, 'Mott', 'J.L.', NULL, NULL, 0),
(213, 1272, 'Nadeau', 'Guy', NULL, NULL, 0),
(215, 1806, 'Nadeau', 'Marc-Antoine', NULL, NULL, 0),
(216, 1273, 'Narita', 'Takera', NULL, NULL, 0),
(217, 1274, 'Nepveu', 'Robert', NULL, NULL, 0),
(218, 1275, 'Olariu', 'Octavian', NULL, NULL, 0),
(219, 1808, 'O''Shea', 'John Patrick', NULL, NULL, 0),
(220, 1829, 'Paiement', 'Alain', NULL, NULL, 0),
(222, 1276, 'Pang', 'Tin Neon', NULL, NULL, 0),
(223, 1277, 'Pellegrinuzzi', 'Roberto', NULL, NULL, 0),
(225, 1830, 'Pellerin', 'Guy', NULL, NULL, 0),
(226, 1278, 'Pelletier', 'Robert', NULL, NULL, 0),
(227, 1831, 'Pellus', 'Raymond', NULL, NULL, 0),
(228, 1279, 'Pelzer', 'Alfonso', NULL, NULL, 0),
(229, 1280, 'Pillhofer', 'Josef', NULL, NULL, 0),
(230, 1832, 'Pilot', 'Robert', NULL, NULL, 0),
(231, 1282, 'Planes', 'Jos√©', NULL, NULL, 0),
(232, 1283, 'Poliquin', 'Jean-No√´l', NULL, NULL, 0),
(233, 1285, 'Poulin', 'Roland', NULL, NULL, 0),
(234, 1286, 'Prent', 'Mark', NULL, NULL, 0),
(235, 1288, 'Reddy', 'Krishna', NULL, NULL, 0),
(236, 1846, 'Reusch', 'Astri', NULL, NULL, 0),
(237, 1849, 'Rochette', 'Sylvie', NULL, NULL, 0),
(238, 2883, 'Rolland', 'Dominique', NULL, NULL, 0),
(240, 1291, 'Roussil', 'Robert', NULL, NULL, 0),
(244, 1293, 'Sandonato', 'Aurelio', NULL, NULL, 0),
(245, 1294, 'Santini', 'Laura', NULL, NULL, 0),
(246, 1295, 'Saxe', 'Henry', NULL, NULL, 0),
(247, 1296, 'Schleeh', 'Hans', NULL, NULL, 0),
(248, 1297, 'Sebastian', NULL, NULL, NULL, 0),
(249, 1850, 'Si Tu', 'Jie', NULL, NULL, 0),
(250, 1298, 'Signori', 'Carlos Sergio', NULL, NULL, 0),
(251, 1299, 'Sklavos', 'Y√©rassimo (Gerasimos)', NULL, NULL, 0),
(252, 1300, 'Szekely', 'Pierre', NULL, NULL, 0),
(253, 1902, 'Taccola', 'U', NULL, NULL, 0),
(254, 1904, 'Taylor', 'William Hughes', NULL, NULL, 0),
(255, 1905, 'Tett', 'Alison', NULL, NULL, 0),
(257, 1301, 'Th√©berge', 'Claude', NULL, NULL, 0),
(259, 1302, 'Thorvaldsen', 'Berthel', NULL, NULL, 0),
(260, 1908, 'Topham', 'William Thurston', NULL, NULL, 0),
(261, 1303, 'Toto', 'Carlos Maria', NULL, NULL, 0),
(262, 1304, 'Trudeau', 'Yves', NULL, NULL, 0),
(265, 1305, 'Vaillancourt', 'Armand', NULL, NULL, 0),
(270, 1306, 'Valade', 'Dominique', NULL, NULL, 0),
(274, 1909, 'Van Der Heide', 'Herman J.', NULL, NULL, 0),
(275, 1307, 'Vazan', 'Bill', NULL, NULL, 0),
(278, 1910, 'V√©giard', 'Alfonse', NULL, NULL, 0),
(279, 1911, 'Vermette', 'Claude', NULL, NULL, 0),
(280, 1308, 'Viger', 'Louise', NULL, NULL, 0),
(281, 1309, 'Vincent', 'Joseph-Arthur', NULL, NULL, 0),
(282, 1310, 'Vivot', 'L√©a', NULL, NULL, 0),
(283, 1311, 'Wade', 'George Edward', NULL, NULL, 0),
(284, 1312, 'Widgery', 'Catherine', NULL, NULL, 0),
(286, 1313, 'Winant', 'Alice', NULL, NULL, 0),
(287, 1314, 'Witebsky', 'Shirley', NULL, NULL, 0),
(288, 1315, 'Wood', 'Marshall', NULL, NULL, 0),
(289, 1284, 'Pelletier', 'Luce', NULL, NULL, 0),
(290, 1235, 'Hannah', 'Adad', NULL, NULL, 0),
(291, 3094, 'Lauda', 'Jiri Georges', NULL, NULL, 0),
(292, 1178, 'B√©langer', 'Gwena√´l', NULL, NULL, 0),
(293, 1181, 'Besner', 'Jean-Jacques', NULL, NULL, 0),
(294, 5598, NULL, NULL, 'Daily tous les jours', NULL, 0),
(295, 3103, 'Montillaud', 'Francis', NULL, NULL, 0),
(296, 3106, 'Wilson', 'Robert', NULL, NULL, 0),
(297, 1182, 'Bisson', 'Yvette', NULL, NULL, 0),
(298, 5797, 'Sylvain', 'Catherine', NULL, NULL, 0),
(299, 6671, NULL, NULL, 'BGL', NULL, 0);

-- --------------------------------------------------------

--
-- Estrutura da tabela `a_propos`
--

CREATE TABLE IF NOT EXISTS `a_propos` (
  `id` int(11) NOT NULL AUTO_INCREMENT,
  `sommesT` varchar(30) CHARACTER SET latin1 NOT NULL DEFAULT '',
  `sommesD` varchar(3000) CHARACTER SET latin1 NOT NULL DEFAULT '',
  `missionT` varchar(30) CHARACTER SET latin1 NOT NULL DEFAULT '',
  `missionD` varchar(3000) CHARACTER SET latin1 NOT NULL DEFAULT '',
  `joindreT` varchar(30) CHARACTER SET latin1 NOT NULL DEFAULT '',
  `joindreD` varchar(3000) CHARACTER SET latin1 NOT NULL DEFAULT '',
  `partenaireT` varchar(30) CHARACTER SET latin1 NOT NULL DEFAULT '',
  `partenaireD` varchar(3000) CHARACTER SET latin1 NOT NULL DEFAULT '',
  PRIMARY KEY (`id`),
  UNIQUE KEY `id` (`id`)
) ENGINE=InnoDB  DEFAULT CHARSET=utf8 AUTO_INCREMENT=2 ;

--
-- Extraindo dados da tabela `a_propos`
--

INSERT INTO `a_propos` (`id`, `sommesT`, `sommesD`, `missionT`, `missionD`, `joindreT`, `joindreD`, `partenaireT`, `partenaireD`) VALUES
(1, 'Qui sommes nous', 'Bacon ipsum dolor amet shankle ball tip picanha sausage venison doner. Filet mignon bresaola salami, flank ground round short loin chicken shank alcatra shankle picanha fatback burgdoggen leberkas. T-bone kielbasa bresaola kevin turkey. Meatball salami kielbasa sausage, swine picanha pancetta jowl beef chuck filet mignon burgdoggen. Landjaeger bacon pastrami fatback, salami jerky meatball venison t-bone.', 'Notre mission', 'En sillonnant les rues de Montr√©al, il vous est sans doute dÈj‡ arrivÈ de tomber, par hasard, sur une úuvre díart placÈe l‡, tout bonnement, au coin de la rue ou vous travaillez, par exemple, ou au cafÈ que vous affectionnez. Qui sait? Des úuvres, ‡ líeffigie de Paul …mile Borduas, de FÈlix Leclerc en passant par la chasse Galerie jusquí‡ Gilles Vigneault. Oui, MontrÈal regorge de plus de 300 úuvres rappelant que Montr√©al est bel est bien une ville culturellement riche. Qui a dit quíadmirer des úuvres díart se faisait seulement ‡ líint√©rieur des murs díun musÈe? Ici, líart est public! Et, constituer un rÈpertoire de ces úuvres est prÈcisÈment la toute premiËre mission díARTPUBLIC.', 'Nous joindre', 'Pour nous joindre, contactez: artpublic@montreal.qc . ', 'Nos partenaire', '- Banque Nationale\n- BibliothËque et archives nationales du QuÈbec\n- Ville de MontrÈal ');

-- --------------------------------------------------------

--
-- Estrutura da tabela `caroussel`
--

CREATE TABLE IF NOT EXISTS `caroussel` (
  `id` int(11) NOT NULL AUTO_INCREMENT,
  `idOeuvre` int(11) DEFAULT NULL,
  UNIQUE KEY `id` (`id`)
) ENGINE=InnoDB DEFAULT CHARSET=utf8 AUTO_INCREMENT=1 ;

-- --------------------------------------------------------

--
-- Estrutura da tabela `categorie`
--

CREATE TABLE IF NOT EXISTS `categorie` (
  `nom` varchar(50) CHARACTER SET latin1 NOT NULL DEFAULT '',
  PRIMARY KEY (`nom`),
  UNIQUE KEY `nom` (`nom`)
) ENGINE=InnoDB DEFAULT CHARSET=utf8;

--
-- Extraindo dados da tabela `categorie`
--

INSERT INTO `categorie` (`nom`) VALUES
('√âmaux'),
('Bois/menuiserie d''art'),
('C√©ramique'),
('Design industriel'),
('Installation'),
('Mobilier'),
('Mosaique'),
('Multim√©dia'),
('Peinture'),
('Photographie'),
('Sculpture'),
('Techniques mixtes'),
('Verre'),
('Vitrail');

-- --------------------------------------------------------

--
-- Estrutura da tabela `oeuvre`
--

CREATE TABLE IF NOT EXISTS `oeuvre` (
  `id` int(11) NOT NULL AUTO_INCREMENT,
  `noInterne` int(11) DEFAULT NULL,
  `titre` varchar(100) CHARACTER SET latin1 NOT NULL,
  `titreVariante` varchar(100) CHARACTER SET latin1 DEFAULT NULL,
  `nomCollection` varchar(50) CHARACTER SET latin1 DEFAULT NULL,
  `categorieObjet` varchar(50) CHARACTER SET latin1 DEFAULT NULL,
  `modeAcquisition` varchar(50) CHARACTER SET latin1 DEFAULT NULL,
  `dateAccession` varchar(50) CHARACTER SET latin1 DEFAULT NULL,
  `materiaux` varchar(50) CHARACTER SET latin1 DEFAULT NULL,
  `support` varchar(50) CHARACTER SET latin1 DEFAULT NULL,
  `technique` varchar(50) CHARACTER SET latin1 DEFAULT NULL,
  `dimensionsGenerales` varchar(50) CHARACTER SET latin1 DEFAULT NULL,
  `parc` varchar(100) CHARACTER SET latin1 DEFAULT NULL,
  `batiment` varchar(100) CHARACTER SET latin1 DEFAULT NULL,
  `adresseCivique` varchar(100) CHARACTER SET latin1 DEFAULT NULL,
  `coordonneeLatitude` varchar(50) CHARACTER SET latin1 DEFAULT NULL,
  `coordonneeLongitude` varchar(50) CHARACTER SET latin1 DEFAULT NULL,
  `mediums` varchar(50) CHARACTER SET latin1 DEFAULT NULL,
  `numeroAccession` varchar(20) CHARACTER SET latin1 DEFAULT NULL,
  `description` varchar(2000) CHARACTER SET latin1 DEFAULT NULL,
  `urlImage` varchar(200) CHARACTER SET latin1 DEFAULT NULL,
  `arrondissement` varchar(50) CHARACTER SET latin1 DEFAULT NULL,
  `categorie` varchar(20) CHARACTER SET latin1 DEFAULT NULL,
  `idArtiste` int(1) DEFAULT NULL,
  `valide` tinyint(1) DEFAULT '0',
  PRIMARY KEY (`id`),
  UNIQUE KEY `id` (`id`),
  KEY `idArtiste` (`idArtiste`),
  KEY `arrondissement` (`arrondissement`),
  KEY `categorie` (`categorie`)
) ENGINE=InnoDB  DEFAULT CHARSET=utf8 AUTO_INCREMENT=599 ;

--
-- Extraindo dados da tabela `oeuvre`
--

INSERT INTO `oeuvre` (`id`, `noInterne`, `titre`, `titreVariante`, `nomCollection`, `categorieObjet`, `modeAcquisition`, `dateAccession`, `materiaux`, `support`, `technique`, `dimensionsGenerales`, `parc`, `batiment`, `adresseCivique`, `coordonneeLatitude`, `coordonneeLongitude`, `mediums`, `numeroAccession`, `description`, `urlImage`, `arrondissement`, `categorie`, `idArtiste`, `valide`) VALUES
(301, 1099, 'Porte de jour', 'Une porte rouge (ouverte, rouge√¢tre, solaire)', 'Art public', 'Beaux-arts', 'Commande publique de la Ville de Montr√©al (Concou', '/Date(1082865600000-0400)/', 'acier corten', NULL, 'Soud√©', '298 x 350 x 1070 cm', 'Square Dalhousie', NULL, NULL, '45.512090', '-73.550979', NULL, '2004-SC-08', '', 'hub_04', 'Ville-Marie', 'Installation', 2, 0),
(303, 1127, 'Le malheureux magnifique', NULL, 'Art public', 'Beaux-arts', 'Achat directement √† l''artiste', '/Date(677995200000-0400)/', 'Ciment; fer; peinture', NULL, 'Assembl√©; ciment√©; peint', '340 x 235 x 310', 'Intersection des rues Sherbrooke et Saint-Denis', NULL, '385, rue Sherbrooke Est, Montr√©al, (QC) H2X 3L1', '45.516907', '-73.567846', NULL, '910021.0', '', '', 'Le Plateau-Mont-Royal', 'Sculpture', 4, 0),
(304, 1137, 'Les clochards c√©lestes', 'Monumental III', 'Art public', 'Beaux-arts', 'Cession', '/Date(1273204800000-0400)/', 'Ciment; fer; peinture', NULL, 'Assembl√©; ciment√©; peint', '640 x 250 x 420 cm', 'Parc Miville-Couture', NULL, NULL, '45.516853', '-73.555153', NULL, '1983-SC-03', '', '', 'Ville-Marie', 'Sculpture', 4, 0),
(305, 1151, 'Discours du roi po√®te', NULL, 'Art public', 'Beaux-arts', 'Don', NULL, 'Calcaire', NULL, NULL, '233 X 56 X 63 cm', 'Place Roland-Proulx', NULL, NULL, '45.472390', '-73.584704', NULL, '1982-APE-SC-18', '', '', 'Le Sud-Ouest', 'Sculpture', 6, 0),
(306, 1157, 'Hommage √† J√©r√¥me Le Royer De La Dauversi√®re', NULL, 'Art public', 'Beaux-arts', 'Commande publique de la Ville de Montr√©al', NULL, 'Acier Corten; acier inoxydable; verre tremp√©', NULL, NULL, '84 x 193 x 81', 'Place De La Dauversi√®re', NULL, NULL, '45.508493', '-73.5533', NULL, '1999-SC-04', '', '', 'Ville-Marie', 'Sculpture', 7, 0),
(307, 1391, 'Ob√©lisque oblique', NULL, 'Art public', 'Beaux-arts', 'Autre', NULL, 'Acier inoxydable', NULL, 'Pli√©es; soud√©es; boulonn√©es', '546 x 160 x 190', 'Parc Jean-Drapeau, √éle Notre-Dame', 'Casino de Montr√©al', '1 Avenue du Casino, Montr√©al, QC H3C 4W7', '45.506046', '-73.526706', NULL, '901425.0', '', '', 'Ville-Marie', 'Sculpture', 8, 0),
(310, 1399, 'Non titr√© (Murale en relief et sculpture)', 'Murale en relief et sculpture (ext√©rieur)', 'Int√©gration √† l''architecture', 'Beaux-arts', NULL, NULL, NULL, NULL, NULL, NULL, NULL, 'Centre du Plateau', '2275 boul.St-Joseph Est, Montr√©al, (Qc) H2H 1G4', '45.539713', '-73.576110', NULL, '1962-IA-SC-0001', '', '', 'Le Plateau-Mont-Royal', 'Sculpture', 11, 0),
(311, 1400, 'Non titr√© (Vitraux)', 'Vitraux', 'Int√©gration √† l''architecture', 'Arts d√©coratifs', NULL, NULL, NULL, NULL, NULL, NULL, NULL, 'H√¥tel de Ville de Montr√©al', '275 Rue Notre-Dame Est, Montr√©al, QC H2Y 1C6', '45.508816', '-73.554069', NULL, '1878-IA-VT-0001', '', '', 'Ville-Marie', 'Vitrail', 12, 0),
(312, 1401, 'Non titr√© (Vitraux)', 'Vitraux', 'Int√©gration √† l''architecture', 'Arts d√©coratifs', NULL, NULL, NULL, NULL, NULL, NULL, NULL, 'Biblioth√®que Mile-End', '5434 Avenue du Parc, Montr√©al, QC H2V 4G7', '45.521778', '-73.601548', NULL, '1898-IA-VT-0001', '', '', 'Le Plateau-Mont-Royal', 'Vitrail', 12, 0),
(313, 1402, 'Non titr√© (Vitraux)', 'Vitraux', 'Int√©gration √† l''architecture', 'Arts d√©coratifs', NULL, NULL, NULL, NULL, NULL, NULL, NULL, '√âdifice Gaston-Miron', '1210, rue Sherbrooke Est, Montr√©al (Qu√©bec) H2L 1L9', '45.522741', '-73.565331', NULL, '1917-IA-VT-0001', '', '', 'Ville-Marie', 'Vitrail', 12, 0),
(314, 1403, 'Non titr√© (Vitraux)', 'Vitraux', 'Int√©gration √† l''architecture', 'Arts d√©coratifs', NULL, NULL, NULL, NULL, NULL, NULL, NULL, 'Centre Laurier', '1115 Laurier Est, Montr√©al', '45.531814', '-73.587131', NULL, '1930-IA-VT-0001', '', '', 'Le Plateau-Mont-Royal', 'Vitrail', 12, 0),
(315, 1404, 'Non titr√© (Murale inuit)', 'Murale inuit', 'Int√©gration √† l''architecture', 'Beaux-arts', NULL, NULL, NULL, NULL, NULL, NULL, 'Parc Jean-Drapeau, √éle Notre-Dame', 'Pavillon de l''administration, parc Jean-Drapeau', '1 Circuit Gilles Villeneuve √éle Notre-Dame, Montr√©al, Qu√©bec, H3C 1A9', '45.503792', '-73.529322', NULL, '1967-IA-PE-0001', '', '', 'Ville-Marie', 'Peinture', 16, 0),
(317, 1407, 'Non titr√© (Fontaine, mosa√Øque)', 'Fontaine (mosa√Øque)', 'Int√©gration √† l''architecture', 'Arts d√©coratifs', NULL, NULL, NULL, NULL, NULL, NULL, NULL, 'Station de pompage centrale (Atwater)', '3161, rue Joseph, Montr√©al', '45.472308', '-73.572944', NULL, '1918-IA-MO-0001', '', '', 'Le Sud-Ouest', 'Mosaique', 12, 0),
(321, 1425, 'Champlain visite de nouveau le site de Montr√©al en 1611', NULL, 'Int√©gration √† l''architecture', 'Beaux-arts', 'Achat', '/Date(-1212091200000-0400)/', NULL, NULL, NULL, NULL, 'Parc du Mont-Royal', 'Chalet du parc du Mont-Royal', '1196 Voie Camillien Houde, Montr√©al, QC H3H 1A1', '45.503909', '-73.587452', NULL, '1931-IA-PE-0001', '', '', 'Ville-Marie', 'Peinture', 22, 0),
(322, 1426, 'Monument √† Jean Vauquelin', NULL, 'Art public', 'Beaux-arts', 'Don par souscription publique', NULL, 'Bronze; granit', NULL, 'Bronze coul√©; pierre taill√©e', '680cm x 400 cm x 400 cm approximatif', 'Place Vauquelin', NULL, NULL, '45.508588', '-73.554655', NULL, '900935.0', '', '', 'Ville-Marie', 'Sculpture', 23, 0),
(323, 1428, 'Smoke and steel', NULL, 'Art public', 'Beaux-arts', NULL, NULL, NULL, NULL, NULL, '260 x 60 x 90 cm', NULL, 'Caserne d''incendie 22', '5455, rue Antonio-Dagenais, Saint-L√©onard (Qu√©bec) H1S 2X3', '45.582705', '-73.585774', NULL, '', '', '', 'Saint-L√©onard', 'Sculpture', 24, 0),
(324, 1431, 'Le cycliste', NULL, 'Art public', 'Beaux-arts', 'Transfert', '/Date(1009861200000-0500)/', 'Acier', NULL, 'Soud√©; peint', '425 x 140 x 539 cm', 'Parc de West Vancouver', NULL, NULL, '45.456655', '-73.542746', NULL, '1990-SC-15', '', '', 'Verdun', 'Sculpture', 25, 0),
(326, 1441, 'L''arbre des g√©n√©rations', NULL, 'Art public', 'Beaux-arts', 'Transfert', '/Date(1009861200000-0500)/', 'Acier (feuille)', NULL, 'D√©coup√©; soud√©; boulonn√©; peint', '385 x 275 x 548 cm', 'Parc du mus√©e de Lachine', 'Mus√©e de Lachine', '1, chemin du Mus√©e, Lachine (Qu√©bec) H8S 4L9', '45.430699', '-73.666113', NULL, '2002-SC-10', '', '', 'Lachine', 'Sculpture', 27, 0),
(327, 1443, 'Vire au vent', NULL, 'Art public', 'Beaux-arts', 'Transfert', '/Date(1009861200000-0500)/', 'Acier brut, acier peint', NULL, 'Soudage; boulonnage; peint', '495 x 610 x 295 cm', 'Parc Ren√©-L√©vesque', NULL, NULL, '45.428480', '-73.682451', NULL, '2002-AP-SC-28', '', '', 'Lachine', 'Sculpture', 27, 0),
(329, 1450, 'Carte du site de Montr√©al par Champlain en 1611', NULL, 'Int√©gration √† l''architecture', 'Beaux-arts', 'Achat', '/Date(-1212091200000-0400)/', NULL, NULL, NULL, NULL, 'Parc du Mont-Royal', 'Chalet du parc du Mont-Royal', '1196 Voie Camillien Houde, Montr√©al, QC H3H 1A1', '45.503986', '-73.587585', NULL, '1931-IA-PE-0002', '', '', 'Ville-Marie', 'Peinture', 30, 0),
(330, 1451, 'Les anciennes possessions fran√ßaises en Am√©rique', NULL, 'Int√©gration √† l''architecture', 'Beaux-arts', 'Achat', '/Date(-1212091200000-0400)/', NULL, NULL, NULL, NULL, 'Parc du Mont-Royal', 'Chalet du parc du Mont-Royal', '1196 Voie Camillien Houde, Montr√©al, QC H3H 1A1', '45.503969', '-73.587623', NULL, '1931-IA-PE-0003', '', '', 'Ville-Marie', 'Peinture', 30, 0),
(331, 1452, 'Les voyages de Jacques Cartier au Canada en 1534 et 1535', NULL, 'Int√©gration √† l''architecture', 'Beaux-arts', 'Achat', '/Date(-1212091200000-0400)/', NULL, NULL, NULL, NULL, 'Parc du Mont-Royal', 'Chalet du parc du Mont-Royal', '1196 Voie Camillien Houde, Montr√©al, QC H3H 1A1', '45.503961', '-73.587657', NULL, '1931-IA-PE-0004', '', '', 'Ville-Marie', 'Peinture', 30, 0),
(332, 1454, 'Montr√©al de 1645 √† 1672', NULL, 'Int√©gration √† l''architecture', 'Beaux-arts', 'Achat', '/Date(-1212091200000-0400)/', NULL, NULL, NULL, NULL, 'Parc du Mont-Royal', 'Chalet du parc du Mont-Royal', '1196 Voie Camillien Houde, Montr√©al, QC H3H 1A1', '45.503945', '-73.587697', NULL, '1931-IA-PE-0005', '', '', 'Ville-Marie', 'Peinture', 30, 0),
(333, 1455, 'Montr√©al en 1760', NULL, 'Int√©gration √† l''architecture', 'Beaux-arts', 'Achat', '/Date(-1212091200000-0400)/', NULL, NULL, NULL, NULL, 'Parc du Mont-Royal', 'Chalet du parc du Mont-Royal', '1196 Voie Camillien Houde, Montr√©al, QC H3H 1A1', '45.503918', '-73.587731', NULL, '1931-IA-PE-0006', '', '', 'Ville-Marie', 'Peinture', 30, 0),
(334, 1456, 'Plan d''Hochelaga par Jacques Cartier en 1535', NULL, 'Int√©gration √† l''architecture', 'Beaux-arts', 'Achat', '/Date(-1212091200000-0400)/', NULL, NULL, NULL, NULL, 'Parc du Mont-Royal', 'Chalet du parc du Mont-Royal', '1196 Voie Camillien Houde, Montr√©al, QC H3H 1A1', '45.503874', '-73.587727', NULL, '1931-IA-PE-0007', '', '', 'Ville-Marie', 'Peinture', 30, 0),
(335, 1457, 'Jacques Cartier est re√ßu par le chef Agouhana', NULL, 'Int√©gration √† l''architecture', 'Beaux-arts', 'Achat', '/Date(-1212091200000-0400)/', NULL, NULL, NULL, NULL, 'Parc du Mont-Royal', 'Chalet du parc du Mont-Royal', '1196 Voie Camillien Houde, Montr√©al, QC H3H 1A1', '45.503842', '-73.587707', NULL, '1931-IA-PE-0008', '', '', 'Ville-Marie', 'Peinture', 36, 0),
(337, 1463, 'Le village imagin√©. ¬´Le renard l''emporte, le suit √† la trace‚Ä¶¬ª', NULL, 'Art public', 'Beaux-arts', 'Commande publique de la Ville de Montr√©al', NULL, 'Aluminium, mangan√®se et chrome poli (jeu de ficel', NULL, 'Assembl√©; soud√©', 'Ensemble de l''≈ìuvre : 98 x 115 m', 'Parc Marguerite-Bourgeoys', NULL, NULL, '45.475158', '-73.558862', NULL, '2005-SC-03', '', '', 'Le Sud-Ouest', 'Installation', 38, 0),
(338, 1465, 'Monument √† Jean Drapeau', NULL, 'Art public', 'Beaux-arts', 'Don', '/Date(978325200000-0500)/', 'Bronze; granit', NULL, 'Bronze coul√©; cire perdue', '287 X 200 x 200 cm', 'Place De La Dauversi√®re', NULL, NULL, '45.50853', '-73.55342', NULL, '2001-APE-SC-10', '', '', 'Ville-Marie', 'Sculpture', 39, 0),
(340, 1468, 'La montagne des jours', NULL, 'Art public', 'Beaux-arts', 'Achat', '/Date(834724800000-0400)/', 'Granit', NULL, 'Grav√© au jet de sable; poli', '153 X 8 cm', 'Parc du Mont-Royal', NULL, NULL, '45.507069', '-73.590031', NULL, '910977.0', '', '', 'Ville-Marie', 'Sculpture', 41, 0),
(341, 1470, 'M√©moire ardente', NULL, 'Art public', 'Beaux-arts', 'Commande publique de la Ville de Montr√©al (Concou', '/Date(754722000000-0500)/', 'Granit; acier inoxydable', NULL, NULL, '197 x 197 x 197', 'Promenade de la Commune', NULL, NULL, '45.508932', '-73.551062', NULL, '940636.0', '', '', 'Ville-Marie', 'Sculpture', 41, 0),
(343, 1474, 'Monument √† sir Wilfrid Laurier', NULL, 'Art public', 'Beaux-arts', 'Don', '/Date(-513460800000-0400)/', 'Bronze; granit', NULL, 'Bronze coul√©', '622 x 490 x 106 cm', 'Square Dorchester', NULL, NULL, '45.4994744', '-73.571061', NULL, '530924.0', '', '', 'Ville-Marie', 'Sculpture', 44, 0),
(344, 1476, 'Monument au fr√®re Andr√©', NULL, 'Art public', 'Beaux-arts', 'Don', '/Date(504939600000-0500)/', 'Bronze; granit', NULL, 'Bronze coul√©', '301 x 120 x 50cm', 'Place du fr√®re Andr√©', NULL, NULL, '45.503309', '-73.566600', NULL, '900985.0', '', '', 'Ville-Marie', 'Sculpture', 44, 0),
(345, 1478, 'Neuf couleurs au vent', NULL, 'Art public', 'Beaux-arts', 'Achat', '/Date(985928400000-0500)/', 'Aluminium; nylon', NULL, 'Soud√©; s√©rigraphi√©', '1650 x 110 x 2510 cm', 'Place Urbain-Baudreau-Graveline', NULL, NULL, '45.521709', '-73.565776', NULL, '1996-APE-SC-08', '', '', 'Le Plateau-Mont-Royal', 'Installation', 46, 0),
(346, 1480, 'Sans titre', 'Non titr√©e (SISM-64)', 'Art public', 'Beaux-arts', 'Achat', '/Date(-119214000000-0500)/', 'Calcaire', NULL, 'Taill√©; sculpt√©', '244 X 206 cm', 'Parc du Mont-Royal', NULL, NULL, '45.499327', '-73.594604', NULL, '902404.0', '', '', 'Ville-Marie', 'Sculpture', 47, 0),
(347, 1482, 'Table Ronde', NULL, 'Art public', 'Beaux-arts', 'Transfert', NULL, 'B√©ton arm√©; aluminium peint', NULL, 'Assembl√©; soud√©', NULL, NULL, 'Mairie d''arrondissement de LaSalle', '55 avenue Dupras', '45.428134', '-73.661771', NULL, '1984-APE-SC-06', '', '', 'LaSalle', 'Installation', 48, 0),
(348, 1484, 'Trois disques', 'Man, Three Disks;\rL''Homme; Man; The Man', 'Art public', 'Beaux-arts', 'Don', '/Date(-68583600000-0500)/', 'Acier inoxydable', NULL, 'D√©coup√©; assembl√©; boulonn√©; soud√© ', '2130 x 2200 x 1625 cm', 'Parc Jean-Drapeau, √éle Sainte-H√©l√®ne', NULL, NULL, '45.510658', '-73.536837', NULL, '1976-SC-05', '', '', 'Ville-Marie', 'Sculpture', 49, 0),
(349, 1486, 'Herm√®s', NULL, 'Art public', 'Beaux-arts', 'Transfert', '/Date(1009861200000-0500)/', 'Acier', NULL, 'Soud√©; peint; boulonn√©', '320 x 370 x 570 cm', 'Parc Ren√©-L√©vesque', NULL, NULL, '45.428752', '-73.683435', NULL, '2002-AP-SC-29', '', '', 'Lachine', 'Sculpture', 50, 0),
(350, 1488, 'Sans titre', 'Non titr√©e (SISM-64)', 'Art public', 'Beaux-arts', 'Achat', '/Date(-120596400000-0500)/', 'Schiste', NULL, 'Sculpt√©', '412cm x 107cm', 'Parc du Mont-Royal', NULL, NULL, '45.500036', '-73.594996', NULL, '902230.0', '', '', 'Ville-Marie', 'Sculpture', 51, 0),
(351, 1490, 'Non titr√©', NULL, 'Art public', 'Beaux-arts', NULL, NULL, 'Acier peint', NULL, 'Soud√©s; peints', '700 x 82.5 x 82.5 cm', 'Parc Serge-Garant', NULL, 'Rue Beaudry', '45.519070', '-73.556071', NULL, '902225.0', '', '', 'Ville-Marie', 'Sculpture', 52, 0),
(352, 1492, 'Trilogie', NULL, 'Art public', 'Beaux-arts', 'Transfert', '/Date(1041310800000-0500)/', 'Acier peint', NULL, 'Soud√©; peint', '380 x 366 x 366 cm', 'Parc du mus√©e de Lachine', 'Mus√©e de Lachine', '1, chemin du Mus√©e, Lachine (Qu√©bec) H8S 4L9', '45.430106', '-73.666757', NULL, '2002-SC-11', '', '', 'Lachine', 'Sculpture', 52, 0),
(353, 1494, 'Communion', NULL, 'Art public', 'Beaux-arts', 'Transfert', '/Date(641188800000-0400)/', 'Acier peint', NULL, 'Soud√©; peint', '335 x 427 x 853cm', 'Parc des Rapides', NULL, NULL, '45.423958', '-73.598574', NULL, '1990-APE-SC-10', '', '', 'LaSalle', 'Sculpture', 52, 0),
(354, 1497, 'Non titr√© (mosa√Øque en c√©ramique)', 'Sans titre (mosa√Øque en c√©ramique)', 'Int√©gration √† l''architecture', 'Arts d√©coratifs', 'Int√©gration des arts √† l''architecture', '/Date(-347137200000-0500)/', 'Peinture; c√©ramique', NULL, 'Peint; assembl√©', '381 x 554 cm', NULL, 'Centre r√©cr√©atif Gadbois', '5485, chemin de la C√¥te-Saint-Paul, Montr√©al (Qu√©bec) H4C 1X3', '45.466425', '-73.595811', NULL, '1959-IA-CE-0001', '', '', 'Le Sud-Ouest', 'C√©ramique', 55, 0),
(355, 1498, 'Monument √† Giovanni Caboto', NULL, 'Art public', 'Beaux-arts', 'Don', NULL, 'Bronze; travertin', NULL, 'Bronze coul√©; cire perdue', '875 x 800 x 800', 'Square Cabot', NULL, NULL, '45.489490', '-73.583652', NULL, '350901.0', '', '', 'Ville-Marie', 'Sculpture', 56, 0),
(356, 1500, 'Non titr√© ', 'Bronzes', 'Int√©gration √† l''architecture', 'Beaux-arts', 'Inconnu', NULL, 'Bronze', NULL, 'Moulage', '(2) 165 x 245 x 137 cm ', 'Complexe aquatique, Parc Jean-Drapeau', NULL, '130, chemin du Tour-de-l''Isle', '45.512832', '-73.534573', NULL, '1952-IA-SC-0001', '', '', 'Ville-Marie', 'Sculpture', 56, 0),
(357, 1501, 'La femme-fontaine', NULL, 'Art public', 'Beaux-arts', 'Transfert', '/Date(1009861200000-0500)/', 'Pierre', NULL, 'Taille directe', '183,50 x 57,50 x 40,70 cm', NULL, 'Centre culturel de Verdun', '5955 Bannantyne, Verdun, Qu√©bec, H4H 1H6', '45.448399', '-73.577621', NULL, '1967-SC-21', '', '', 'Verdun', 'Sculpture', 58, 0),
(359, 1505, 'Gratte-ciel, cascades d''eau / rues, ruisseau‚Ä¶ une construction', NULL, 'Art public', 'Beaux-arts', 'Commande publique de la ville de Montr√©al (Concou', '/Date(669358800000-0500)/', 'Acier inoxydable; b√©ton; granit', NULL, 'Multiple', '1700 x 7500 x 5000 cm', 'Place √âmilie-Gamelin', NULL, NULL, '45.515449', '-73.560028', NULL, '926087.0', '', '', 'Ville-Marie', 'Installation', 60, 0),
(360, 1507, 'Le carrousel sauvage', 'Le carrousel sauvage (SISM-64)\rLe man√®ge d''amour', 'Art public', 'Beaux-arts', 'Achat', '/Date(-119214000000-0500)/', 'Calcaire; b√©ton', NULL, 'Taill√©; assembl√©', '315 x 1828 cm', 'Parc du Mont-Royal', NULL, NULL, '45.501169', '-73.594040', NULL, '642245.0', '', '', 'Ville-Marie', 'Sculpture', 61, 0),
(361, 1510, 'D√©cor', NULL, 'Art public', 'Beaux-arts', 'Transfert', '/Date(1009861200000-0500)/', 'Acier', NULL, 'Soud√©; peint', '134 x 65 x 97 cm', 'Parc du mus√©e de Lachine', 'Mus√©e de Lachine', '1, chemin du Mus√©e, Lachine (Qu√©bec) H8S 4L9', '45.429875', '-73.666409', NULL, '2002-AP-SC-0071', '', '', 'Lachine', 'Sculpture', 62, 0),
(362, 1512, 'L''eau et la nourriture', NULL, 'Int√©gration √† l''architecture', 'Beaux-arts', 'Commande √† l''artiste', '/Date(252478800000-0500)/', 'Aluminium', 'Aluminium', 'Aluchromie', ' 274,5 x 812 cm', NULL, 'Usine de filtration Charles-J. des Baillets', '8585, Boulevard De La V√©rendrye, LaSalle, Qu√©bec, H8N 2K2', '45.425053', '-73.619043', NULL, '1978-IA-PE-0001', '', '', 'LaSalle', 'Peinture', 63, 0),
(364, 1514, 'M√©langez le Tout', 'Le batteur √† ≈ìufs', 'Art public', 'Beaux-arts', 'Commande publique de la Ville de Montr√©al', '/Date(1311652800000-0400)/', 'Aluminium', NULL, 'D√©coupe au laser; assemblage; peinture √©lectrost', '580 x 365 cm', NULL, 'Centre Jean-Claude-Mal√©part', '2633 Ontario Est, Montr√©al, QC H2K 1W8', '45.534340', '-73.552733', NULL, '2011-AP-SC-0031', '', '', 'Ville-Marie', 'Sculpture', 64, 0),
(366, 1518, 'Theatre for Sky Blocks', 'Th√©√¢tre pour fragments c√©lestes', 'Art public', 'Beaux-arts', 'Transfert', '/Date(1009861200000-0500)/', 'Acier; encre de s√©rigraphie; granit vert laurenti', NULL, 'Soudure; s√©rigraphie; peinture; coupage', '300 x 250 x 1000 cm', 'Parc Fort-Rolland', NULL, NULL, '45.433893', '-73.696750', NULL, '2002-SC-49', '', '', 'Lachine', 'Installation', 66, 0),
(367, 1520, 'Les gramin√©es du jardin Saint-Sulpice', NULL, 'Art public', 'Beaux-arts', 'Commande publique de la Ville de Montr√©al (Concou', '/Date(1167627600000-0500)/', 'Acier inoxydable', NULL, 'Coup√©; soud√©', '244 x 1000', 'Parc Berthe-Louard', NULL, '9355, avenue de Galil√©e', '45.559348', '-73.641608', NULL, '2007-IN-02', '', '', 'Ahuntsic-Cartierville', 'Installation', 66, 0),
(368, 1522, 'Give Peace a Chance', NULL, 'Art public', 'Beaux-arts', 'Commande publique de la Ville de Montr√©al', NULL, 'Calcaire; plantes indig√®nes', NULL, 'Pierre taill√©e', '2300 x 640 cm', 'Parc du Mont-Royal', NULL, NULL, '45.505007', '-73.583820', NULL, '2009-IN-05', '', '', 'Ville-Marie', 'Installation', 66, 0),
(371, 1528, 'Agora', NULL, 'Art public', 'Beaux-arts', 'Transfert', '/Date(566715600000-0500)/', 'B√©ton; pav√©s; eau ', NULL, 'Moulage; assemblage', '762 x 762 x 762 cm', 'Square Viger', NULL, NULL, '45.512075', '-73.554819', NULL, '1982-IN-16', '', '', 'Ville-Marie', 'Installation', 72, 0),
(372, 1530, 'Mastodo', NULL, 'Art public', 'Beaux-arts', 'Transfert', '/Date(566715600000-0500)/', 'Bronze; acier inoxydable; b√©ton; eau', NULL, 'Moulage; assemblage', '420 x 580 x 610 cm', 'Square Viger', NULL, NULL, '45.511800', '-73.554681', NULL, '1987-APE-SC-28', '', '', 'Ville-Marie', 'Sculpture', 72, 0),
(373, 1532, 'Cailloudo', NULL, 'Art public', 'Beaux-arts', 'Transfert', '/Date(632466000000-0500)/', 'Bronze, lumi√®re', NULL, 'Coul√©; assembl√©', '132 x 425 x 760 cm', NULL, 'Biblioth√®que de Saint-Laurent', '1380, rue de l''√âglise, Montr√©al (QC) H4L 2H2', '45.512457', '-73.676799', NULL, '2002-SC-68', '', '', 'Saint-Laurent', 'Sculpture', 72, 0),
(374, 1534, 'Hommage √† Claude Jutra', NULL, 'Art public', 'Beaux-arts', 'Don', '/Date(926913600000-0400)/', 'Granit; laiton; √©mail', NULL, 'Assembl√©; soud√©; d√©coup√©; taill√©; coll√©', '250 x 75 x 70 cm', 'Parc Claude-Jutra', NULL, NULL, '45.513240', '-73.572945', NULL, '1997-AP-SC-08', '', '', 'Le Plateau-Mont-Royal', 'Sculpture', 72, 0),
(375, 1536, 'La ville imaginaire', NULL, 'Art public', 'Beaux-arts', 'Don', '/Date(873864000000-0400)/', 'Granit', NULL, 'Taill√©; assembl√©', '1900 x 1800 x 2750 cm', 'Parc Jean-Drapeau, √éle Sainte-H√©l√®ne', NULL, NULL, '45.512697', '-73.537714', NULL, '1997-APE-SC-08', '', '', 'Ville-Marie', 'Installation', 76, 0),
(376, 1538, 'R√©volutions', NULL, 'Art public', 'Beaux-arts', 'Commande publique de la Ville de Montr√©al', '/Date(1042779600000-0500)/', 'Aluminium; acier galvanis√©', NULL, NULL, '850 x 500 cm', 'Parc Maisonneuve-Cartier', NULL, NULL, '45.523985', '-73.552731', NULL, '2003-APE-SC-03', '', '', 'Ville-Marie', 'Sculpture', 77, 0),
(377, 1540, 'L''arc', 'Hommage √† Salvador Allende (1908-1973)', 'Art public', 'Beaux-arts', 'Commande publique de la Ville de Montr√©al (Concou', '/Date(1230786000000-0500)/', 'B√©ton, acier inoxydable', NULL, NULL, '305 x 470 x 125', 'Parc Jean-Drapeau, √éle Notre-Dame', NULL, NULL, '45.505855', '-73.527741', NULL, '2009-SC-03', '', '', 'Ville-Marie', 'Sculpture', 77, 0),
(381, 1548, 'Ob√©lisque en hommage √† Charles de Gaulle', 'M√©morial au g√©n√©ral De Gaulle', 'Art public', 'Beaux-arts', 'Don', '/Date(694242000000-0500)/', 'Granit; √©poxy; ciment; peinture', NULL, NULL, '1780 x 240 x 270 cm', 'Parc La Fontaine', NULL, NULL, '45.526107', '-73.564759', NULL, '926212.0', '', '', 'Le Plateau-Mont-Royal', 'Sculpture', 82, 0),
(382, 1550, 'China Wall', NULL, 'Art public', 'Beaux-arts', 'Transfert', '/Date(1009861200000-0500)/', 'Acier corten', NULL, 'Soud√©', '225 x 177 x 489 cm', 'Parc Ren√©-L√©vesque', NULL, NULL, '45.428562', '-73.681682', NULL, '2002-SC-29', '', '', 'Lachine', 'Sculpture', 83, 0),
(383, 1553, 'Maisonneuve fonde Montr√©al le 18 mai 1642', NULL, 'Int√©gration √† l''architecture', 'Beaux-arts', 'Achat', '/Date(-1212091200000-0400)/', NULL, NULL, NULL, NULL, 'Parc du Mont-Royal', 'Chalet du parc du Mont-Royal', '1196 Voie Camillien Houde, Montr√©al, QC H3H 1A1', '45.503819', '-73.587641', NULL, '1931-IA-PE-0009', '', '', 'Ville-Marie', 'Peinture', 84, 0),
(384, 1554, 'Portail avec bas-reliefs', 'M√©moire', 'Int√©gration √† l''architecture', 'Beaux-arts', 'Int√©gration des arts √† l''architecture', '/Date(536475600000-0500)/', 'Bois; ciment; peinture; miroir', NULL, 'Fondu; vitrifi√©; peint; coup√©; assembl√©', '520 X 520 cm', NULL, 'Chapelle historique du Bon-Pasteur', '100, rue Sherbrooke Est, Montr√©al (Qu√©bec)  H2X 1C3', '45.513427', '-73.546886', NULL, '1987-IA-SC-0001', '', '', 'Ville-Marie', 'Sculpture', 85, 0),
(385, 1555, 'Place du Temple', NULL, 'Art public', 'Beaux-arts', 'Transfert', '/Date(641448000000-0400)/', 'Ciment; m√©tal; peinture', NULL, 'Coul√©; peint', '500 x 1800 x 6700 cm', 'Place F√©lix-Leclerc', NULL, NULL, '45.423620', '-73.624915', NULL, '2002-SC-62', '', '', 'LaSalle', 'Installation', 85, 0),
(386, 1557, 'Fontaine de vie', 'Les baigneuses', 'Art public', 'Beaux-arts', 'Transfert', '/Date(1009861200000-0500)/', 'Anorthosite', NULL, 'Sculpt√©', '370 x 550 cm', 'Place de l''h√¥tel de ville', NULL, '1800, boul Saint-Joseph, Lachine, QC H8S 2N4', '45.433162', '-73.681258', NULL, '2002-SC-26', '', '', 'Lachine', 'Sculpture', 87, 0),
(387, 1559, 'Buste de Simon Bolivar', 'Sim√≥n Bol√≠var', 'Art public', 'Beaux-arts', 'Don', '/Date(820472400000-0500)/', 'Bronze; granit', NULL, NULL, '248.5 x 99.5 x 48', 'Parc Hector-Toe-Blake', NULL, NULL, '45.489486', '-73.580919', NULL, '1986-SC-09', '', '', 'Ville-Marie', 'Sculpture', 88, 0),
(388, 1561, 'Albarello', NULL, 'Art public', 'Beaux-arts', 'Transfert', '/Date(1009861200000-0500)/', 'C√©ramique; acier; plantes', NULL, 'Soud√©; assembl√©', '340 x 290 cm', 'Parc du mus√©e de Lachine', 'Mus√©e de Lachine', '1, chemin du Mus√©e, Lachine (Qu√©bec) H8S 4L9', '45.429940', '-73.666844', NULL, '2002-SC-14', '', '', 'Lachine', 'Sculpture', 89, 0),
(389, 1563, '√Ä la crois√©e des mots', 'arbre-sculpture', 'Art public', 'Beaux-arts', 'Commande publique de la Ville de Montr√©al', '/Date(1093752000000-0400)/', 'Acier galvanis√©, aluminium anodis√©', NULL, 'Feuilles d''aluminium anodis√©; d√©coup√©es; soud√©', '732 x 300 cm', NULL, 'Centre Georges-Vanier', '2450 Rue Workman\rMontr√©al, Qc', '45.483797', '-73.575105', NULL, '2004-SC-10', '', '', 'Le Sud-Ouest', 'Installation', 90, 0),
(391, 1566, 'Hommage aux forces vitales du Qu√©bec', NULL, 'Art public', 'Beaux-arts', 'Transfert', '/Date(1009861200000-0500)/', 'Acier; acier chrom√©; b√©ton; lumi√®re', NULL, 'Techniques multiples', '366 x 3800 x 1600 cm', 'Parc des Rapides', NULL, NULL, '45.420052', '-73.603372', NULL, '2002-SC-63', '', '', 'LaSalle', 'Installation', 92, 0),
(393, 1570, 'Optimax', 'Le Sphinx, Optimax (SISM-64)', 'Art public', 'Beaux-arts', 'Achat', '/Date(-119214000000-0500)/', 'Calcaire; b√©ton', NULL, 'Taille directe', '292 x 246 x 1250 cm', 'Parc du Mont-Royal', NULL, NULL, '45.500911', '-73.593288', NULL, '1966-APE-SC-13', '', '', 'Ville-Marie', 'Sculpture', 94, 0),
(394, 1571, 'Jacques Cartier sur le sommet du mont Royal', NULL, 'Int√©gration √† l''architecture', 'Beaux-arts', 'Achat', '/Date(-1212091200000-0400)/', NULL, NULL, NULL, NULL, 'Parc du Mont-Royal', 'Chalet du parc du Mont-Royal', '1196 Voie Camillien Houde, Montr√©al, QC H3H 1A1', '45.503843', '-73.587576', NULL, '1931-IA-PE-0010', '', '', 'Ville-Marie', 'Peinture', 95, 0),
(395, 1573, 'Non titr√©', 'Sans-titre (photographies)', 'Int√©gration √† l''architecture', 'Beaux-arts', 'Transfert', '/Date(1009861200000-0500)/', NULL, 'Bois', 'Contre-coll√© sur bois et lamin√©', '67 x 101.5 x 3 cm', NULL, 'Biblioth√®que Saint-Pierre', '183, rue des √ârables, Lachine (Qu√©bec) H8R 1B1', '45.445692', '-73.651331', NULL, '', '', '', 'Lachine', 'Photographie', 96, 0),
(396, 1577, 'Les baigneurs', NULL, 'Int√©gration √† l''architecture', 'Beaux-arts', NULL, NULL, NULL, NULL, NULL, NULL, NULL, 'Centre r√©cr√©atif Gadbois', '5485, chemin de la C√¥te-Saint-Paul, Montr√©al (Qu√©bec) H4C 1X3', '45.466339', '-73.595615', NULL, '1960-IA-SC-0001', '', '', 'Le Sud-Ouest', 'Sculpture', 97, 0),
(398, 1579, 'L''eau et la sant√©', NULL, 'Int√©gration √† l''architecture', 'Beaux-arts', 'Commande √† l''artiste', NULL, 'Aluminium', 'Aluminium', 'Aluchromie', ' 274,5 x 812 cm', NULL, 'Usine de filtration Charles-J. des Baillets', '8585, Boulevard De La V√©rendrye, LaSalle, Qu√©bec, H8N 2K2', '45.425053', '-73.619043', NULL, '1977-IA-PE-0001', '', '', 'LaSalle', 'Peinture', 99, 0),
(399, 1580, 'Une le√ßon d''histoire', NULL, 'Int√©gration √† l''architecture', 'Beaux-arts', 'Int√©gration des arts √† l''architecture', '/Date(599634000000-0500)/', 'M√©tal; bois; √©poxy; livre', NULL, 'Coul√©; taill√©; moul√©; patin√©; coll√©; pulv√©ri', NULL, NULL, 'Biblioth√®que Frontenac', '2550 Rue Ontario Est, Montr√©al, QC H2K 1W7', '45.533042', '-73.551858', NULL, '860317.0', '', '', 'Ville-Marie', 'Installation', 99, 0),
(400, 1581, 'Delos, septi√®me porte de la perfection et de l''immortalit√©, Convoi III', 'Delos', 'Art public', 'Beaux-arts', 'Don', '/Date(1292389200000-0500)/', 'Acier corten; acier.', NULL, NULL, NULL, 'Parc Baldwin', NULL, NULL, '45.534496', '-73.562238', NULL, '2011-AP-IN-0013 ', '', '', 'Le Plateau-Mont-Royal', 'Sculpture', 101, 0),
(401, 1583, 'Champlain explore le site de Montr√©al en 1603', NULL, 'Int√©gration √† l''architecture', 'Beaux-arts', 'Achat', '/Date(-1212091200000-0400)/', NULL, NULL, NULL, NULL, 'Parc du Mont-Royal', 'Chalet du parc du Mont-Royal', '1196 Voie Camillien Houde, Montr√©al, QC H3H 1A1', '45.503877', '-73.587492', NULL, '1931-IA-PE-0011', '', '', 'Ville-Marie', 'Peinture', 102, 0),
(402, 1595, 'Nous deux', NULL, 'Art public', 'Beaux-arts', 'Transfert', '/Date(915166800000-0500)/', 'Acier; peinture', NULL, 'D√©coup√©; soud√©; meul√©; boulonn√©; peint', '244 x 142 x 161', 'Parc du mus√©e de Lachine', 'Mus√©e de Lachine', '1, chemin du Mus√©e, Lachine (Qu√©bec) H8S', '45.429983', '-73.666989', NULL, '2002-SC-16', '', '', 'Lachine', 'Sculpture', 103, 0),
(403, 1597, 'Colonne', 'Sculpture (ext√©rieur)', 'Int√©gration √† l''architecture', 'Beaux-arts', 'Int√©gration des arts √† l''architecture', NULL, 'Granit; acier inoxydable; verre; n√©on', NULL, 'Taille directe; assembl√©', '700 x 124,5 cm', NULL, 'Centre des arts contemporains du Qu√©bec √† Montr√©al', '4247, rue Saint-Dominique, Montr√©al, Qu√©bec H2W 2A9', '45.518992', '-73.581993', NULL, '1985-IA-SC-0006', '', '', 'Le Plateau-Mont-Royal', 'Sculpture', 103, 0),
(404, 1598, '√âtats de choc', 'States of shock', 'Art public', 'Beaux-arts', 'Transfert', '/Date(473403600000-0500)/', 'Acier; brique; mortier; ciment; peinture', NULL, 'Soud√©; form√©; coul√©; briquet√©; peint', '15.51m', 'Parc Summerlea', NULL, NULL, '45.438429', '-73.718209', NULL, '2002-SC-50', '', '', 'Lachine', 'Sculpture', 103, 0),
(405, 1600, 'La ville blanche', NULL, 'Art public', 'Beaux-arts', 'Transfert', '/Date(1009861200000-0500)/', 'Acier; granit', NULL, 'D√©coup√©; soud√©; boulonn√©; perc√©; coul√©', '650 x 2400', 'Parc Ren√©-L√©vesque', NULL, NULL, '45.428448', '-73.680350', NULL, '2002-SC-30', '', '', 'Lachine', 'Installation', 103, 0),
(406, 1602, 'Espace cubique ou hommage √† Malevitch', NULL, 'Art public', 'Beaux-arts', 'Transfert', '/Date(694242000000-0500)/', 'Verre; granit; acier; b√©ton; lumi√®re', NULL, 'Taill√©; coup√©; soud√©; assembl√©', '254 x 224 x 225 cm', 'Parc du mus√©e de Lachine', 'Mus√©e de Lachine', '1, chemin du Mus√©e, Lachine (Qu√©bec) H8S 4L9', '45.429901', '-73.666579', NULL, '2002-SC-15', '', '', 'Lachine', 'Installation', 103, 0),
(407, 1604, 'Cube g√©om√©trique', NULL, 'Art public', 'Beaux-arts', 'Transfert', '/Date(1009861200000-0500)/', 'Acier corten; B√©ton', NULL, NULL, '500 x 390 x 390 cm', 'Parc Malborough', NULL, '2105, rue Beauz√®le,\rSaint-Laurent (Montr√©al)\rQu√©bec', '45.523012', '-73.721010', NULL, '1978-SC-02', '', '', 'Saint-Laurent', 'Sculpture', 108, 0),
(408, 1606, 'Le jardin de Lyon', NULL, 'Art public', 'Beaux-arts', 'Don', '/Date(944110800000-0500)/', 'Acier inoxydable; bronze; luminaire; bois; granit;', NULL, NULL, NULL, 'Place J.-Ernest-Laforce', NULL, NULL, '45.512470', '-73.555461', NULL, '2000-IN-08', '', '', 'Ville-Marie', 'Installation', 109, 0),
(409, 1610, 'Orbite optique no 2', 'L''Artichaut', 'Art public', 'Beaux-arts', 'Transfert', '/Date(-63140400000-0500)/', 'B√©ton; acier', NULL, 'B√©ton projet√©', '800 cm x 1230 cm', 'Parc Jean-Drapeau, √éle Sainte-H√©l√®ne', NULL, NULL, '45.522507', '-73.534649', NULL, '901611.0', '', '', 'Ville-Marie', 'Sculpture', 110, 0),
(410, 1612, 'Fontaine', 'Jeux d''enfants\r\rNote : Ce titre √©tait en usage avant le d√©mant√®lement de l''≈ìuvre, en 2000. De l''', 'Art public', 'Beaux-arts', 'Transfert', '/Date(489211200000-0400)/', 'Acier inoxydable; bronze chrom√©; b√©ton', NULL, NULL, '450 x 1450 x 1195 cm', 'Square Viger', NULL, NULL, '45.513958', '-73.552921', NULL, '1984-APE-SC-08', '', '', 'Ville-Marie', 'Installation', 111, 0),
(412, 1618, 'Hommage √† Mihai Eminescu, po√®te roumain', NULL, 'Art public', 'Beaux-arts', 'Don', '/Date(1104555600000-0500)/', 'Bronze', NULL, 'Bronze coul√©', '243 x 149 cm', 'Parc Devonshire/Place de la Roumanie', NULL, NULL, '45.514796', '-73.576459', NULL, '2004-SC-09', '', '', 'Le Plateau-Mont-Royal', 'Sculpture', 113, 0),
(413, 1620, 'Trait d''union', NULL, 'Art public', 'Beaux-arts', 'Transfert', '/Date(410245200000-0500)/', 'B√©ton; pierre; acier inoxydable; eau.', NULL, 'Ancr√©; boulonn√©; coll√©', '265 x 275 x 1800 cm', NULL, 'Biblioth√®que Saint-L√©onard', '8400, boulevard Lacordaire\rSaint-L√©onard (Qu√©bec)\rH1R 3B1', '45.586472', '-73.597139', NULL, '1984-APE-SC-07', '', '', 'Saint-L√©onard', 'Sculpture', 114, 0),
(414, 1622, 'Les le√ßons singuli√®res (volet 1)', 'Les le√ßons singuli√®res (premi√®re partie)', 'Art public', 'Beaux-arts', 'Commande publique de la ville de Montr√©al (Concou', '/Date(654667200000-0400)/', 'Bronze; laiton; acier inoxydable', NULL, 'Coul√©; d√©coup√©; form√©', '97 x 2000 x 1000 cm', 'Place Roy', NULL, NULL, '45.521580', '-73.570456', NULL, '908500.0', '', '', 'Le Plateau-Mont-Royal', 'Installation', 114, 0),
(415, 1625, 'Les le√ßons singuli√®res (volet 2)', 'Les le√ßons singuli√®res (deuxi√®me partie)', 'Art public', 'Beaux-arts', 'Commande publique de la Ville de Montr√©al', '/Date(673070400000-0400)/', 'Bronze; laiton; acier inoxydable', NULL, 'Coul√©; d√©coup√©; form√©', '96 x 1800 x 1120 cm', 'Parc La Fontaine', NULL, NULL, '45.523417', '-73.568557', NULL, '912010.0', '', '', 'Le Plateau-Mont-Royal', 'Installation', 114, 0),
(416, 1627, 'D√©tour¬†: le grand jardin', NULL, 'Art public', 'Beaux-arts', 'Transfert', '/Date(757400400000-0500)/', 'aluminium ; acier galvanis√©', NULL, 'Soud√©; boulonn√©; perc√©; peint', '500 x 1865 x 2109 cm', 'Parc Ren√©-L√©vesque', NULL, NULL, '45.428373', '-73.681115', NULL, '2002-SC-31', '', '', 'Lachine', 'Installation', 114, 0),
(417, 1629, 'Le carrousel de l‚Äô√Æle', NULL, 'Art public', 'Beaux-arts', 'Commande publique de la Ville de Montr√©al', '/Date(1103778000000-0500)/', 'Acier galvanis√©; laiton', NULL, NULL, '470 x 1500 cm', 'Carrefour giratoire des boulevards, Ren√©-L√©vesque et √èle-des-S≈ìurs', NULL, NULL, '45.465811', '-73.544778', NULL, '2005-SC-02', '', '', 'Verdun', 'Installation', 114, 0),
(419, 1633, 'Monument pour L', NULL, 'Art public', 'Beaux-arts', 'Transfert', '/Date(1009861200000-0500)/', 'Acier; v√©g√©taux; asphalte', NULL, 'Coul√©; soud√©; peint', '111 x 4000 x 1500 cm', 'Parc Fort-Rolland', NULL, NULL, '45.434760', '-73.699892', NULL, '2002-SC-51', '', '', 'Lachine', 'Installation', 120, 0),
(420, 1635, 'Volatiles', 'Splish-splash', 'Int√©gration √† l''architecture', 'Beaux-arts', 'Transfert', '/Date(1009861200000-0500)/', 'Aluminum', NULL, 'D√©coup√©; assembl√©', NULL, NULL, 'Aquad√¥me-Centre aquatique familiale de LaSalle', '1411 Rue Lapierre, LaSalle, QC H8N 2J4', '45.436661', '-73.607768', NULL, '1996-IA-IN-0001', '', '', 'LaSalle', 'Installation', 120, 0),
(422, 1638, 'Hommage aux travailleurs', NULL, 'Art public', 'Beaux-arts', 'Transfert', '/Date(1009861200000-0500)/', 'B√©ton', NULL, 'Coul√©; peint', '600 x 272 x 138 cm', NULL, NULL, 'Boulevard Henri-Bourassa', '45.600702', '-73.638456', NULL, '2002-SC-67', '', '', 'Montr√©al-Nord', 'Sculpture', 123, 0),
(423, 1640, 'Le grand Jean-Paul', NULL, 'Art public', 'Beaux-arts', 'D√©p√¥t', NULL, 'Bronze', NULL, 'Cire perdue', '202 x 199.5 x 60.5 cm', 'Place Jean-Paul-Riopelle', NULL, NULL, '45.503104', '-73.560661', NULL, '2014-AP-SC-0002', '', '', 'Ville-Marie', 'Sculpture', 124, 0),
(424, 1641, 'Monument √† √âmile Nelligan', 'Buste √† l''effigie du po√®te √âmile Nelligan', 'Art public', 'Beaux-arts', 'Achat', '/Date(1119412800000-0400)/', 'Bronze; calcaire; granit', NULL, 'Bronze coul√©; cire perdue', '271 x 112 x 132 cm', 'Square Saint-Louis', NULL, NULL, '45.516215', '-73.570284', NULL, '2005-SC-01', '', '', 'Le Plateau-Mont-Royal', 'Sculpture', 124, 0),
(425, 1643, 'Songes', NULL, 'Int√©gration √† l''architecture', 'Beaux-arts', 'Int√©gration des arts √† l''architecture', NULL, 'Papier; aluminium', NULL, NULL, '282 x 482 x 2,5 cm', NULL, 'Maison culturelle et communautaire de Montr√©al-Nord', '12 004, boulevard Rolland, Montr√©al-Nord (Qu√©bec), H1W  3W1', '45.616540', '-73.620970', NULL, '2006-IA-PH-0005', '', '', 'Montr√©al-Nord', 'Photographie', 126, 0),
(426, 1644, 'Jacques Cartier atterit √† Hochelaga en 1535', NULL, 'Int√©gration √† l''architecture', 'Beaux-arts', 'Achat', '/Date(-1212091200000-0400)/', NULL, NULL, NULL, NULL, 'Parc du Mont-Royal', 'Chalet du parc du Mont-Royal', '1196 Voie Camillien Houde, Montr√©al, QC H3H 1A1', '45.503907', '-73.587428', NULL, '1931-IA-PE-0012', '', '', 'Ville-Marie', 'Peinture', 127, 0),
(427, 1648, 'Monument √† sir Louis-Hippolyte La Fontaine', NULL, 'Art public', 'Beaux-arts', 'Don', '/Date(-1262286000000-0500)/', 'Bronze; granit; gr√®s; marbre', NULL, 'Fonte au sable', '700 x 570 x 370cm', 'Parc La Fontaine', NULL, NULL, '45.523017', '-73.566328', NULL, '1930-APE-SC-15', '', '', 'Le Plateau-Mont-Royal', 'Sculpture', 128, 0),
(428, 1650, 'Monument aux braves d''Outremont', 'Monument aux morts de la guerre', 'Art public', 'Beaux-arts', 'Transfert', '/Date(1009861200000-0500)/', 'Bronze; marbre', NULL, 'Bronze coul√©', '400 x 600 x 480 cm', 'Parc Outremont', NULL, NULL, '45.517753', '-73.604103', NULL, '1925-APE-SC-01', '', '', 'Outremont', 'Sculpture', 128, 0),
(429, 1652, 'L''habitation en milieu urbain', 'L''espace de l''homme dans l''univers', 'Int√©gration √† l''architecture', 'Beaux-arts', 'Int√©gration des arts √† l''architecture', NULL, 'Gr√®s, mortier', NULL, 'Modelage', '251 x 620 x 3,80 cm', NULL, 'Maison de la culture Marie-Uguay', '6052, boulevard Monk, Montr√©al (Qu√©bec) H4E 3H6', '45.457694', '-73.595515', NULL, '1982-IA-SC-0001', '', '', 'Le Sud-Ouest', 'Sculpture', 130, 0),
(430, 1654, 'Monument √† Paul de Chomedey, sieur de Maisonneuve', NULL, 'Art public', 'Beaux-arts', 'Don par souscription publique', '/Date(-2366737200000-0500)/', 'Bronze; granit', NULL, NULL, '9m de haut', 'Place d''Armes', NULL, NULL, '45.504800', '-73.557260', NULL, '927189.5', '', '', 'Ville-Marie', 'Sculpture', 131, 0),
(431, 1656, 'Monument √† Louis-Octave Cr√©mazie', NULL, 'Art public', 'Beaux-arts', 'Don par souscription publique', '/Date(-2004638400000-0400)/', 'Bronze; granit', NULL, 'Bronze coul√©; pierre taill√©e', '300 x 300 x 188 cm', 'Square Saint-Louis', NULL, NULL, '45.517388', '-73.569581', NULL, '1907-APE-SC-01', '', '', 'Le Plateau-Mont-Royal', 'Sculpture', 131, 0),
(432, 1658, 'Monument √† John Young', NULL, 'Art public', 'Beaux-arts', 'Don', '/Date(-1833390000000-0500)/', 'Bronze; granit', NULL, 'Bronze coul√©; pierre taill√©e', '520 x 340 x 670cm', 'De la Commune', NULL, NULL, '45.500112', '-73.553427', NULL, '110941', '', '', 'Ville-Marie', 'Sculpture', 131, 0),
(433, 1660, 'Monument √† √âdouard VII', NULL, 'Art public', 'Beaux-arts', 'Don par souscription publique', '/Date(-1767207600000-0500)/', 'Bronze; granit', NULL, 'Coul√© √† la cire perdue; assembl√© √† la romaine ', '1400cm', 'Square Phillips', NULL, NULL, '45.503724', '-73.568507', NULL, '140910.0', '', '', 'Ville-Marie', 'Sculpture', 131, 0),
(434, 1662, 'Acier', 'Sous l''eau', 'Art public', 'Beaux-arts', 'Transfert', NULL, 'Acier; b√©ton', NULL, 'Soud√©; coul√©', '385 x 700 x 350cm', 'Parc Jean-Drapeau, √éle Notre-Dame', NULL, NULL, '45.504307', '-73.526535', NULL, '1968-APE-SC-17', '', '', 'Ville-Marie', 'Sculpture', 135, 0),
(435, 1664, 'Le lion de Belfort', 'La Fontaine de la Sun Life Assurance Company', 'Art public', 'Beaux-arts', 'Don', '/Date(-2303578800000-0500)/', 'Bronze; granit', NULL, 'Sculpt√© (granite); coul√© (bronze)', '504 x 232 x 421 cm', 'Square Dorchester', NULL, NULL, '45.499704', '-73.570273', NULL, '936189.7', '', '', 'Ville-Marie', 'Sculpture', 136, 0),
(436, 1666, 'Monument aux h√©ros de la guerre des Boers', 'Monument √† Lord Strathcona', 'Art public', 'Beaux-arts', 'Don par souscription publique', NULL, 'Bronze; granit', NULL, NULL, '920 x 2200 x 1600 cm', 'Square Dorchester', NULL, NULL, '45.499610', '-73.570967', NULL, '900934.0', '', '', 'Ville-Marie', 'Sculpture', 136, 0),
(437, 1668, 'Monument √† sir George-√âtienne Cartier', NULL, 'Art public', 'Beaux-arts', 'Don par souscription publique', '/Date(-1609441200000-0500)/', 'Bronze; granit', NULL, 'Bronze coul√©', '25 x 30 x 30m', 'Parc du Mont-Royal', NULL, NULL, '45.514231', '-73.585250', NULL, '900902.0', '', '', 'Ville-Marie', 'Sculpture', 136, 0),
(438, 1670, 'D√©part de La Salle pour aller √† la d√©couverte du Mississipi', NULL, 'Int√©gration √† l''architecture', 'Beaux-arts', 'Achat', '/Date(-1212091200000-0400)/', NULL, NULL, NULL, NULL, 'Parc du Mont-Royal', 'Chalet du parc du Mont-Royal', '1196 Voie Camillien Houde, Montr√©al, QC H3H 1A1', '45.503946', '-73.587378', NULL, '1931-IA-PE-0013', '', '', 'Ville-Marie', 'Peinture', 139, 0),
(439, 1672, 'Totem Kwakiutl', 'M√¢t tot√©mique Kwakwaka''wakw (Kwakiutl)', 'Art public', 'Beaux-arts', 'Transfert', '/Date(-63140400000-0500)/', 'Bois', NULL, 'Sculpt√©', '2130 x 95 cm', 'Parc Jean-Drapeau, √éle Notre-Dame', NULL, NULL, '45.504995', '-73.529284', NULL, '1968-SC-17', '', '', 'Ville-Marie', 'Sculpture', 140, 0),
(440, 1674, 'Iris', 'Iris (Qu√©bec)', 'Art public', 'Beaux-arts', 'Transfert', NULL, 'Aluminium', NULL, 'Feuilles d''aluminium galb√©es par martelage; soud√', NULL, 'Parc Jean-Drapeau, √éle Notre-Dame', NULL, NULL, '45.505532', '-73.527751', NULL, '901608.0', '', '', 'Ville-Marie', 'Sculpture', 141, 0),
(441, 1676, 'Monument √† √âmilie Gamelin', NULL, 'Art public', 'Beaux-arts', 'Commande publique de la Ville de Montr√©al', '/Date(915166800000-0500)/', 'Bronze', NULL, 'Bronze coul√©; cire perdue', '190 x 122 cm', 'Place √âmilie-Gamelin', NULL, NULL, '45.51486', '-73.559707', NULL, '1999-SC-03', '', '', 'Ville-Marie', 'Sculpture', 141, 0),
(442, 1679, 'Les allusifs', NULL, 'Art public', 'Beaux-arts', NULL, NULL, 'Bois; acier', NULL, 'Assembl√©; soud√©; incrust√©; grav√©', 'xx cm x 230 cm x 170 cm', NULL, 'March√© Atwater', '138 Avenue Atwater, Montreal, QC H4C 2H6', '45.478839', '-73.575339', NULL, '2002-IN-76', '', '', 'Le Sud-Ouest', 'Installation', 143, 0),
(443, 1682, 'Lanka Mata', NULL, 'Int√©gration √† l''architecture', 'Arts d√©coratifs', 'Don', '/Date(-94676400000-0500)/', 'Verre; plomb; acier; n√©on', 'Verre', NULL, '260 x 524 x 20 cm', NULL, 'Biblioth√®que Marie-Uguay', '6052 Boulevard Monk, Montr√©al, QC H4E 3H6', '45.457751', '-73.595486', NULL, '1967-IA-VT-0001', '', '', 'Le Sud-Ouest', 'Vitrail', 144, 0),
(444, 1683, 'L''attente', NULL, 'Art public', 'Beaux-arts', 'Commande publique de la ville de Montr√©al (Concou', '/Date(1232946000000-0500)/', 'Aluminum ; b√©ton ; laiton ; bronze', NULL, 'Assembl√©; soud√©; viss√©', '411 x 258 x 258 cm', 'Parc Belmont', NULL, NULL, '45.532697', '-73.725844', NULL, '2009-SC-02', '', '', 'Ahuntsic-Cartierville', 'Sculpture', 289, 0),
(445, 1684, 'La fa√ßade', NULL, 'Int√©gration √† l''architecture', 'Beaux-arts', 'Int√©gration des arts √† l''architecture', '/Date(1315454400000-0400)/', 'Nylon', NULL, 'Mod√©lisation 3D; frittage laser s√©lectif', '115 x 235 x 32 cm', NULL, 'Biblioth√®que P√®re-Ambroise', '2093, rue de la Visitation, Montr√©al, QC, H2L 3C9', '45.522767', '-73.562670', NULL, '2011-IA-SC-0006', '', '', 'Ville-Marie', 'Sculpture', 289, 0),
(448, 1689, 'Monument √† Dollard des Ormeaux', 'Monument √† Adam Dollard des Ormeaux et √† ses compagnons', 'Art public', 'Beaux-arts', 'Don par souscription publique', NULL, 'Bronze; granit', NULL, 'Coul√©', '800 x 925 x 345 cm', 'Parc La Fontaine', NULL, NULL, '45.525594', '-73.573055', NULL, '200909.0', '', '', 'Le Plateau-Mont-Royal', 'Sculpture', 291, 0),
(449, 1691, 'Monument aux braves de Lachine', NULL, 'Art public', 'Beaux-arts', 'Transfert', '/Date(-1420052400000-0500)/', 'Bronze; granit', NULL, 'Coul√©; assembl√©', '524 x 900 x 216 cm', 'Parc Stoney-Point', NULL, NULL, '45.436555', '-73.706738', NULL, '1945-APE-SC-04', '', '', 'Lachine', 'Sculpture', 291, 0),
(450, 1692, 'Monument aux Patriotes', NULL, 'Art public', 'Beaux-arts', 'Don par souscription publique', NULL, 'Bronze; granit', NULL, 'Fonte au sable', '850 x 410 x 370 cm', 'Place des Patriotes', NULL, NULL, '45.523411', '-73.546212', NULL, '260931.0', '', '', 'Ville-Marie', 'Sculpture', 291, 0),
(451, 1695, 'Signal dans l''espace', 'Sculpture, ext√©rieur', 'Int√©gration √† l''architecture', 'Beaux-arts', 'Transfert', '/Date(1009861200000-0500)/', 'Acier; b√©ton', NULL, 'Assemblage', '1370 x 975 x 30 cm', NULL, 'Biblioth√®que l''Octogone', '1080 Avenue Dollard, Montreal, QC H8N 2T9', '45.424150', '-73.623311', NULL, '1984-IA-IN-0001', '', '', 'LaSalle', 'Sculpture', 296, 0),
(454, 1698, 'Monument √† John F. Kennedy', NULL, 'Art public', 'Beaux-arts', 'Don', '/Date(532069200000-0500)/', 'Bronze; granit', NULL, 'Bronze moul√©', '355 x 100 x 120', 'Intersection des avenues du Pr√©sident-Kennedy et McGill-College', NULL, '2001, avenue McGill College', '45.503367', '-73.573689', NULL, '1986-APE-SC-08', '', '', 'Ville-Marie', 'Sculpture', 299, 0),
(455, 1700, 'Monument √† Joseph Beaubien', NULL, 'Art public', 'Beaux-arts', 'Transfert', '/Date(1009861200000-0500)/', 'Bronze; granit', NULL, 'Bronze coul√©', '249 x 76.5 x 65.5 cm', 'Parc Beaubien', NULL, '461 Chemin de la C√¥te-Sainte-Catherine', '45.515161', '-73.607800', NULL, '2003-SC-04', '', '', 'Outremont', 'Sculpture', 299, 0),
(456, 1701, 'Buste du cardinal Paul-√âmile L√©ger', NULL, 'Art public', 'Beaux-arts', 'Pr√™t', '/Date(1199163600000-0500)/', 'Bronze', NULL, 'Coul√©', '168 x 75 x 61,5 cm', 'Place du Cardinal-Paul-√âmile-L√©ger', NULL, NULL, '45.509549', '-73.561333', NULL, '2008-SC-01', '', '', 'Ville-Marie', 'Sculpture', 299, 0),
(457, 1702, 'Debout', 'Debout (Monument √† F√©lix Leclerc)', 'Art public', 'Beaux-arts', 'Don par souscription publique', '/Date(657522000000-0500)/', 'Bronze', NULL, '23 sections de bronze moul√©es par enrobage et sou', '350 cm x 170 cm x 149.5 cm', 'Parc La Fontaine', NULL, NULL, '45.526717', '-73.571036', NULL, '900069.0', '', '', 'Le Plateau-Mont-Royal', 'Sculpture', 302, 0),
(458, 1704, 'La porte de l‚Äôavenir', NULL, 'Art public', 'Beaux-arts', 'Transfert', '/Date(1009861200000-0500)/', 'B√©ton; fibre de verre; r√©sine', NULL, 'Empil√©; grav√©; peint', '238 x 201,5 x 42 cm', 'Parc Elgar', 'Centre communautaire Elgar', '260 Rue Elgar, Verdun, QC', '45.457215', '-73.547032', NULL, '2000-APE-SC-06', '', '', 'Verdun', 'Sculpture', 302, 0),
(462, 1711, 'La r√©paration', NULL, 'Art public', 'Beaux-arts', 'Commande publique de la ville de Montr√©al (Concou', '/Date(894600000000-0400)/', 'Marbre; granit; b√©ton; arbres', NULL, 'Taille', '294 x 2500 cm', 'Parc Marcelin-Wilson', NULL, NULL, '45.534994', '-73.679998', NULL, '1998-AP-SC-03', '', '', 'Ahuntsic-Cartierville', 'Installation', 307, 0),
(463, 1713, 'Temple du troisi√®me mill√©naire', NULL, 'Art public', 'Beaux-arts', 'Transfert', NULL, 'B√©ton; aluminium', NULL, 'Coul√©; d√©coup√©; assembl√©', '475 cm x 380 cm x 75 cm', 'Parc Alexis-Nihon', NULL, 'Rue Bertrand', '45.497286', '-73.689694', NULL, '2002-SC-69', '', '', 'Saint-Laurent', 'Installation', 308, 0),
(464, 1715, 'Monica', NULL, 'Art public', 'Beaux-arts', 'Transfert', '/Date(1009861200000-0500)/', 'B√©ton; m√©tal; ciment (base).', NULL, 'Moul√©; coll√©; soud√©; boulonn√©', '278 x 211 x 200 cm', 'Promenade P√®re-Marquette', NULL, NULL, '45.432433', '-73.683443', NULL, '2002-SC-52', '', '', 'Lachine', 'Sculpture', 309, 0),
(466, 1719, 'Joseph-Xavier Perrault', 'Monument √† Joseph-Xavier Perrault', 'Art public', 'Beaux-arts', 'Pr√™t', NULL, 'Aluminium, granit, b√©ton', NULL, 'Aluminium moul√© et fondu; granit poli', '280 cm x 92 cm x 92 cm', 'Place du Commerce', NULL, '800, rue du Square-Victoria, Montr√©al, Qu√©bec', '45.501193', '-73.561572', NULL, '872243.0', '', '', 'Ville-Marie', 'Sculpture', 309, 0),
(467, 1721, 'Hommage √† Marguerite Bourgeoys', NULL, 'Art public', 'Beaux-arts', 'Commande en partenariat', '/Date(568011600000-0500)/', 'Bronze; granit; b√©ton', NULL, 'Bronze coul√©; cire perdue', '178 x 414 cm', 'Place Marguerite-Bourgeoys', NULL, '85, rue Notre-Dame est', '45.507373', '-73.555063', NULL, '900571.0', '', '', 'Ville-Marie', 'Sculpture', 309, 0),
(469, 1724, 'Monument √† Robert Burns', NULL, 'Art public', 'Beaux-arts', 'Don', '/Date(-1262286000000-0500)/', 'Bronze; granit', NULL, 'Bronze coul√©', '511 x 276 x 276 cm', 'Square Dorchester', NULL, NULL, '45.499462', '-73.571571', NULL, '1930-APE-SC-16', '', '', 'Ville-Marie', 'Sculpture', 314, 0),
(470, 1726, 'Pont d''Arles en transfert', NULL, 'Art public', 'Beaux-arts', 'Transfert', '/Date(1009861200000-0500)/', 'Acier; pierres; bois; gravier; tourbe', NULL, 'Soud√©; boulonn√©; peint', '347 x 320 x 900 cm', 'Parc du mus√©e de Lachine', 'Mus√©e de Lachine', '1, chemin du Mus√©e, Lachine (Qu√©bec) H8S 4L9', '45.429964', '-73.666167', NULL, '2002-SC-20', '', '', 'Lachine', 'Installation', 315, 0),
(471, 1728, 'Signal pour Takis', NULL, 'Art public', 'Beaux-arts', 'Transfert', '/Date(1009861200000-0500)/', 'Acier; granit; b√©ton', NULL, 'Soud√©; boulonn√©', '850 x 900 x 2000 cm', 'Parc Ren√©-L√©vesque', NULL, 'Chemin du canal', '45.428754', '-73.682789', NULL, '2002-SC-32', '', '', 'Lachine', 'Installation', 315, 0),
(472, 1730, 'Lieux sans temple 3', NULL, 'Art public', 'Beaux-arts', 'Transfert', '/Date(1009861200000-0500)/', 'Acier', NULL, 'Soud√©; patin√©; oxyd√©; coll√©; boulonn√©', '229 x 140 x 117.5 cm', 'Parc du mus√©e de Lachine', 'Mus√©e de Lachine', '1, chemin du Mus√©e, Lachine (Qu√©bec) H8S 4L9', '45.429924', '-73.666603', NULL, '2002-SC-17', '', '', 'Lachine', 'Sculpture', 315, 0);
INSERT INTO `oeuvre` (`id`, `noInterne`, `titre`, `titreVariante`, `nomCollection`, `categorieObjet`, `modeAcquisition`, `dateAccession`, `materiaux`, `support`, `technique`, `dimensionsGenerales`, `parc`, `batiment`, `adresseCivique`, `coordonneeLatitude`, `coordonneeLongitude`, `mediums`, `numeroAccession`, `description`, `urlImage`, `arrondissement`, `categorie`, `idArtiste`, `valide`) VALUES
(473, 1732, 'Lieux sans temple 4', NULL, 'Art public', 'Beaux-arts', 'Transfert', '/Date(1009861200000-0500)/', 'Acier', NULL, 'Soud√©; patin√©; oxyd√©; coll√©; boulonn√©', '225 x 110 x 131 cm', 'Parc du mus√©e de Lachine', 'Mus√©e de Lachine', '1, chemin du Mus√©e, Lachine (Qu√©bec) H8S 4L9\r', '45.429923', '-73.666567', NULL, '2002-SC-18', '', '', 'Lachine', 'Sculpture', 315, 0),
(474, 1734, 'Lieux sans temple 5', NULL, 'Art public', 'Beaux-arts', 'Transfert', '/Date(1009861200000-0500)/', 'Acier', NULL, 'Soud√©; patin√©; oxyd√©; coll√©; boulonn√©', '250 x 140,5 x 117,5 cm', 'Parc du mus√©e de Lachine', 'Mus√©e de Lachine', '1, chemin du Mus√©e, Lachine (Qu√©bec) H8S 4L9', '45.429882', '-73.666570', NULL, '2002-SC-19', '', '', 'Lachine', 'Sculpture', 315, 0),
(475, 1736, 'Souvenir de 1955 ou 2026 Roberval', NULL, 'Art public', 'Beaux-arts', 'Transfert', '/Date(1009861200000-0500)/', 'Acier; pierre', NULL, 'D√©coup√©; soud√©; boulonn√©; peint', '465 x 1017 x 800 cm', 'Parc Ren√©-L√©vesque', NULL, NULL, '45.429123', '-73.681809', NULL, '2002-SC-33', '', '', 'Lachine', 'Installation', 315, 0),
(476, 1738, 'Fontaine Wallace', 'Fontaine des Vosges', 'Art public', 'Beaux-arts', 'Don', NULL, 'Fonte', NULL, 'Moul√©; boulonn√©; peint', '275 cm x 82 x 82 cm', 'Parc Jean-Drapeau, √éle Notre-Dame', NULL, NULL, '45.505419', '-73.528120', NULL, '160580.4', '', '', 'Ville-Marie', 'Sculpture', 321, 0),
(477, 1740, 'Triptyque sur le paysage', NULL, 'Art public', 'Beaux-arts', 'Transfert', '/Date(852094800000-0500)/', 'Acier galvanis√©; verre', NULL, NULL, '200 cm', '√éle de la Visitation', NULL, '10897, rue Du Pont', '45.575443', '-73.661664', NULL, '1997-AP-SC-09', '', '', 'Ahuntsic-Cartierville', 'Installation', 322, 0),
(478, 1742, 'Signe solaire', NULL, 'Art public', 'Beaux-arts', 'Achat', NULL, 'Acier; b√©ton; fibre de verre; r√©sine d''√©poxy; l', NULL, NULL, '277 x 330 x 106.5 cm', 'Parc Jean-Drapeau, √éle Sainte-H√©l√®ne', NULL, NULL, '45.513247', '-73.530889', NULL, '1967-APE-SC-18', '', '', 'Ville-Marie', 'Sculpture', 323, 0),
(479, 1744, 'Ashapmouchouan', 'L''≈ìuvre √©tait initialement sans-titre, son titre actuel a √©t√© attribu√© par l''ayant droit de Mau', 'Art public', 'Beaux-arts', 'Inconnu', NULL, 'Acier Corten', NULL, NULL, '417 x 245 cm', NULL, 'Habitations Laurier', '465, rue Gilford\rMontr√©al, Qu√©bec', '45.526861', '-73.586445', NULL, '1972-SC-03', '', '', 'Le Plateau-Mont-Royal', 'Sculpture', 324, 0),
(480, 1745, '√âclosion', 'Note: L''≈ìuvre √©tait initialement sans-titre, son titre actuel a √©t√© attribu√© par l''ayant droit ', 'Art public', 'Beaux-arts', 'Transfert', '/Date(1009861200000-0500)/', 'Acier', NULL, 'D√©coup√©; courb√©; soud√©; boulonn√©; peint', '258 x 142 x 202 cm', 'Parc du mus√©e de Lachine', 'Mus√©e de Lachine', '1, chemin du Mus√©e, Lachine (Qu√©bec) H8S 4L9', '45.430104', '-73.666761', NULL, '2002-SC-21', '', '', 'Lachine', 'Sculpture', 324, 0),
(481, 1748, '√Ä voile d√©chir√©e', 'L''≈ìuvre √©tait initialement sans-titre, son titre actuel a √©t√© attribu√© par l''ayant droit de Mau', 'Art public', 'Beaux-arts', 'Inconnu', NULL, 'Acier peint', NULL, NULL, '469 x 315 x 394 cm', NULL, 'Habitations De Maisonneuve', '2485, boulevard de Maisonneuve est\rMontr√©al, Qu√©bec', '45.530132', '-73.548258', NULL, '902223.0', '', '', 'Ville-Marie', 'Sculpture', 324, 0),
(482, 1750, 'Sublime', 'L''≈ìuvre √©tait initialement sans-titre, son titre actuel a √©t√© attribu√© par l''ayant droit de Mau', 'Art public', 'Beaux-arts', 'Inconnu', NULL, 'Acier; b√©ton', NULL, NULL, '762 x 457 cm', NULL, 'Habitations Favard', '2066, rue Favard\rMontr√©al, Qu√©bec', '45.477999', '-73.556237', NULL, '1978-SC-03', '', '', 'Le Sud-Ouest', 'Sculpture', 324, 0),
(483, 1752, '√âvolution de joie', 'L''≈ìuvre √©tait initialement sans-titre, son titre actuel a √©t√© attribu√© par l''ayant droit de Mau', 'Art public', 'Beaux-arts', 'Inconnu', NULL, 'Acier; b√©ton', NULL, 'Coup√©; courb√©; soud√©', '252.5 x 165 x 335', NULL, 'Habitations De Mentana', '4110 rue Mentana\rMontr√©al, Qu√©bec', '45.524225', '-73.574470', NULL, '1966-APE-SC-12', '', '', 'Le Plateau-Mont-Royal', 'Sculpture', 324, 0),
(485, 1756, 'Colonne st√®le', NULL, 'Int√©gration √† l''architecture', 'Beaux-arts', 'Achat', '/Date(631170000000-0500)/', 'Ardoise; silicone; verre', NULL, 'Assemblage; inscription', '244 x 45,5 x 32 cm', NULL, 'Biblioth√®que du Plateau-Mont-Royal', '465 Avenue du Mont-Royal Est, Montr√©al, QC H2J 1W3', '45.524831', '-73.582313', NULL, '1990-IA-SC-0016', '', '', 'Le Plateau-Mont-Royal', 'Sculpture', 329, 0),
(486, 1757, 'Regard sur le fleuve', NULL, 'Art public', 'Beaux-arts', 'Transfert', '/Date(1009861200000-0500)/', 'Acier corten', NULL, 'D√©coup√©; soud√©', '312 x 650 x 20 cm', 'Parc Stoney-Point', NULL, NULL, '45.435609', '-73.706410', NULL, '2002-SC-53', '', '', 'Lachine', 'Sculpture', 329, 0),
(488, 1762, 'Tango de Montr√©al', NULL, 'Art public', 'Beaux-arts', 'Commande publique de la Ville de Montr√©al (Concou', '/Date(923976000000-0400)/', 'Argile', NULL, 'Moulage d''argile crue', '1040 x 1740 cm', 'Place G√©rald-Godin', NULL, '4433-4435-4437, rue Rivard, Place G√©rald Godin', '45.524229', '-73.581463', NULL, '1999-SC-06', '', '', 'Le Plateau-Mont-Royal', 'Sculpture', 333, 0),
(489, 1764, 'Les sons de la musique', NULL, 'Art public', 'Beaux-arts', 'Commande publique de la Ville de Montr√©al', NULL, 'B√©ton', NULL, 'Coul√©; moul√©', '246 x 1344 x 108 cm', 'De la Gaucheti√®re', NULL, NULL, '45.507074', '-73.560927', NULL, '902229.0', '', '', 'Ville-Marie', 'Sculpture', 334, 0),
(490, 1767, 'Cheval √† plume', NULL, 'Art public', 'Beaux-arts', 'Transfert', '/Date(1009861200000-0500)/', 'Calcaire', NULL, 'Taill√©; sculpt√©; grav√©; perc√©; peint', '245 x 315 x 210 cm', 'Parc Ren√©-L√©vesque', NULL, NULL, '45.427985', '-73.679242', NULL, '2002-SC-35', '', '', 'Lachine', 'Sculpture', 335, 0),
(491, 1769, '√âtudes pour la figure, Saint-Laurent', NULL, 'Art public', 'Beaux-arts', 'Transfert', '/Date(1009861200000-0500)/', 'Pierre; pigments m√©talliques', NULL, 'Taill√©; grav√©; coll√©; peint', '310 x 95 x 95 cm', 'Boulevard Saint-Joseph', NULL, NULL, '45.433725', '-73.685529', NULL, '2002-SC-54', '', '', 'Lachine', 'Sculpture', 335, 0),
(492, 1771, 'Monument aux braves de Verdun', NULL, 'Art public', 'Beaux-arts', 'Transfert', '/Date(1009861200000-0500)/', 'Bronze', NULL, NULL, NULL, 'Parc du Souvenir', 'H√¥tel de Ville arrondissement de Verdun', '4555 rue de Verdun', '45.458882', '-73.572314', NULL, '1924-AP-SC-0001', '', '', 'Verdun', 'Sculpture', 337, 0),
(493, 1773, 'After Babel, a Civic Square', 'After Babel\rAfter Babel / A Civic Square\rAfter Babel (a civic square)', 'Art public', 'Beaux-arts', 'Don', '/Date(859352400000-0500)/', 'Acier corten; bronze; laiton', NULL, 'Assembl√©; soud√©; d√©coup√©; moul√©', '450 x 1000 cm', 'Promenade des artistes', NULL, NULL, '45.509963', '-73.567202', NULL, '936043.0', '', '', 'Ville-Marie', 'Installation', 338, 0),
(496, 1779, 'La peur', NULL, 'Art public', 'Beaux-arts', 'Achat', '/Date(907214400000-0400)/', 'Granit; aluminium; acier galvanis√©; gr√®s; calcai', NULL, 'Peint; soud√©; assembl√©', '365 x 121 x 320cm', 'Place D‚ÄôYouville', NULL, NULL, '45.501361', '-73.555219', NULL, '1998-SC-04', '', '', 'Ville-Marie', 'Installation', 341, 0),
(497, 1781, 'Monument √† la Pointe', 'La Pointe (titre provisoire)', 'Art public', 'Beaux-arts', 'Commande publique de la ville de Montr√©al (Concou', '/Date(976683600000-0500)/', 'B√©ton; brique; acier; aluminium', NULL, NULL, '1400 x 400 cm', NULL, NULL, NULL, '45.476015', '-73.573449', NULL, '2001-APE-SC-07', '', '', 'Le Sud-Ouest', 'Installation', 341, 0),
(498, 1783, 'Daleth', NULL, 'Art public', 'Beaux-arts', 'Commande publique de la Ville de Montr√©al (Concou', '/Date(1257742800000-0500)/', 'Granit; b√©ton; acier inoxydable', NULL, 'Coul√©; grav√©; d√©coup√©; coll√©; assembl√©', '350 x 6200 cm', 'Parc Marcelin-Wilson', NULL, NULL, '45.534506', '-73.678436', NULL, '2010-AP-SC-0002', '', '', 'Ahuntsic-Cartierville', 'Installation', 341, 0),
(499, 1784, 'Trajectoire no 2', NULL, 'Art public', 'Beaux-arts', 'Transfert', '/Date(1009861200000-0500)/', 'Acier', NULL, 'Soud√©; peint; patin√©; boulonn√©', '195 cm x 103 cm x 276 cm', 'Parc du mus√©e de Lachine', 'Mus√©e de Lachine', '1, chemin du Mus√©e, Lachine (Qu√©bec) H8S 4L9', '45.430542', '-73.666852', NULL, '2002-SC-22', '', '', 'Lachine', 'Sculpture', 344, 0),
(501, 1788, 'La naissance', NULL, 'Art public', 'Beaux-arts', 'Transfert', '/Date(788936400000-0500)/', 'Acier', NULL, 'D√©coup√©; soud√©', '380 X 100 X 140 cm', NULL, 'Centre culturel de Verdun', '5955 Bannantyne, Verdun, Qu√©bec, H4H 1H6', '45.448586', '-73.577611', NULL, '1995-APE-SC-22', '', '', 'Verdun', 'Sculpture', 344, 0),
(502, 1790, 'Le coup de d√©part', NULL, 'Art public', 'Beaux-arts', 'Commande publique de la Ville de Montr√©al', '/Date(1226466000000-0500)/', 'Acier inoxydable', NULL, NULL, '538 X 371 X165 cm', 'Parc Philippe-Laheurte', NULL, NULL, '45.505415', '-73.718634', NULL, '2009-SC-01', '', '', 'Saint-Laurent', 'Sculpture', 344, 0),
(503, 1792, 'Monument √† Nelson', 'Colonne Nelson', 'Art public', 'Beaux-arts', 'Don par souscription publique', '/Date(-5080647600000-0500)/', 'Calcaire; b√©ton; gr√®s', NULL, NULL, '2055 x 600 x 600 cm', 'Place Jacques-Cartier', NULL, NULL, '45.508186', '-73.553845', NULL, '1809-APE-SC-01', '', '', 'Ville-Marie', 'Sculpture', 348, 0),
(504, 1794, 'Site/interlude', NULL, 'Art public', 'Beaux-arts', 'Transfert', '/Date(1009861200000-0500)/', 'Acier galvanis√©, pierre', NULL, 'D√©coup√©; soud√©', '400 x 185 x 8535 cm', 'Parc Ren√©-L√©vesque', NULL, NULL, '45.427777', '-73.676973', NULL, '2002-AP-SC-37', '', '', 'Lachine', 'Installation', 349, 0),
(505, 1796, 'Non titr√© (Fontaine; Les ch√©rubins)', 'Fontaine; Les ch√©rubins', 'Art public', 'Beaux-arts', 'Transfert', '/Date(1009861200000-0500)/', 'Fonte', NULL, 'Coul√©e', NULL, 'Parc Outremont', NULL, NULL, '45.517895', '-73.604464', NULL, '2002-AP-SC-0072', '', '', 'Outremont', 'Sculpture', 350, 0),
(506, 1798, 'La pierre et le feu', NULL, 'Art public', 'Beaux-arts', 'Transfert', '/Date(473403600000-0500)/', 'Acier', NULL, 'D√©coup√©; soud√©; boulonn√©; peint', '304 x 122 x 400 cm', 'Parc Ren√©-L√©vesque', NULL, NULL, '45.428946', '-73.682977', NULL, '2002-AP-SC-36', '', '', 'Lachine', 'Sculpture', 351, 0),
(508, 1803, 'L''eau et le transport', NULL, 'Int√©gration √† l''architecture', 'Beaux-arts', 'Commande √† l''artiste', NULL, 'Aluminium', 'Aluminium', 'aluchromie', '274.5 x 812 cm', NULL, 'Usine de filtration Charles-J. des Baillets', '8585, Boulevard De La V√©rendrye, LaSalle, Qu√©bec, H8N 2K2', '45.425053', '-73.619043', NULL, '1977-IA-PE-0002', '', '', 'LaSalle', 'Peinture', 353, 0),
(509, 1809, 'Courbes et vent', NULL, 'Int√©gration √† l''architecture', 'Beaux-arts', NULL, NULL, NULL, NULL, NULL, NULL, NULL, 'Biblioth√®que de Pierrefonds', '13555, boulevard de Pierrefonds', '45.495937', '-73.847429', NULL, '1990-IA-SC-0017', '', '', 'Pierrefonds-Roxboro', 'Sculpture', 354, 0),
(510, 1810, 'Fontaine du square Saint-Louis', 'Fontaine Lacroix du square Viger', 'Art public', 'Beaux-arts', 'Achat', NULL, 'Fonte', NULL, NULL, '457 x 240 cm', 'Square Saint-Louis', NULL, NULL, '45.517041', '-73.569964', NULL, '900957.0', '', '', 'Le Plateau-Mont-Royal', 'Sculpture', 355, 0),
(511, 1812, 'Sculpture-fontaine, square Sir-George-√âtienne-Cartier', 'Sculpture-fontaine du square G.-√â. Cartier', 'Art public', 'Beaux-arts', 'Achat', NULL, 'Fonte', NULL, NULL, '650 x 205 cm', 'Square Sir-George-√âtienne-Cartier', NULL, NULL, '45.473413', '-73.586390', NULL, '900955.0', '', '', 'Le Sud-Ouest', 'Sculpture', 355, 0),
(512, 1815, 'Du long du long', NULL, 'Art public', 'Beaux-arts', 'Transfert', '/Date(1009861200000-0500)/', 'Acier brut; peinture; gravier', NULL, 'D√©coup√©; soud√©; boulonn√©; peint', '120 X 287X 496 cm', 'Promenade P√®re-Marquette', NULL, NULL, '45.431119', '-73.673413', NULL, '2002-SC-55', '', '', 'Lachine', 'Sculpture', 357, 0),
(513, 1817, 'Les vo√ªtes d''Ulysse', NULL, 'Art public', 'Beaux-arts', 'Transfert', '/Date(694242000000-0500)/', 'Acier; b√©ton', NULL, 'D√©coup√©; soud√©; boulonn√©', '110 X 558 X 1226 cm', 'Parc Ren√©-L√©vesque', NULL, NULL, '45.428916', '-73.682227', NULL, '2002-SC-37', '', '', 'Lachine', 'Sculpture', 357, 0),
(514, 1819, 'L''eau et les sports', NULL, 'Int√©gration √† l''architecture', 'Beaux-arts', 'Commande √† l''artiste', NULL, 'Aluminium', 'Aluminium', 'Aluchromie', ' 274,5 x 812 cm', NULL, 'Usine de filtration Charles-J. des Baillets', '8585, Boulevard De La V√©rendrye, LaSalle, Qu√©bec, H8N 2K2', '45.425053', '-73.619043', NULL, '1979-IA-PE-0001', '', '', 'LaSalle', 'Peinture', 359, 0),
(515, 1821, 'From A', NULL, 'Art public', 'Beaux-arts', 'Transfert', '/Date(1009861200000-0500)/', 'Granit; mortier', NULL, NULL, '170 x 150 x 590 cm', 'Parc Ren√©-L√©vesque', NULL, NULL, '45.428743', '-73.686001', NULL, '2002-SC-38', '', '', 'Lachine', 'Sculpture', 360, 0),
(516, 1823, 'Force et progr√®s', NULL, 'Art public', 'Beaux-arts', 'Transfert', '/Date(1009861200000-0500)/', 'Acier', NULL, 'Soud√©; peint', '255 x 220 x 425 cm', 'Parc Monk', NULL, NULL, '45.431031', '-73.670124', NULL, '2002-SC-56', '', '', 'Lachine', 'Sculpture', 361, 0),
(517, 1825, '√âcluses', NULL, 'Art public', 'Beaux-arts', 'Transfert', '/Date(1009861200000-0500)/', 'Acier inoxydable', NULL, 'Soud√©', '415 x 111 x 135 cm', 'Parc Ren√©-L√©vesque', NULL, NULL, '45.428215', '-73.678237', NULL, '2002-SC-39', '', '', 'Lachine', 'Sculpture', 362, 0),
(518, 1827, 'Vitraux', NULL, 'Int√©gration √† l''architecture', 'Arts d√©coratifs', NULL, '/Date(-1388516400000-0500)/', NULL, NULL, NULL, NULL, NULL, 'H√¥tel de Ville de Montr√©al', '275 Rue Notre-Dame Est, Montr√©al, QC H2Y 1C6', '45.508816', '-73.554069', NULL, '1926-IA-VT-0001', '', '', 'Ville-Marie', 'Vitrail', 363, 0),
(520, 1834, 'Ce qui reste 1997-2001', 'Ce qui reste; DIA-LOG (titre provisoire)', 'Int√©gration √† l''architecture', 'Beaux-arts', 'Int√©gration des arts √† l''architecture', '/Date(990676800000-0400)/', 'Papier; bois; acrylique', 'Bois', NULL, '400 x 234 x 2 cm', NULL, 'Centre d''histoire de Montr√©al', '335 Place d''Youville, Montr√©al, QC H2Y 3T1', '45.501079', '-73.555515', NULL, '2001-API-PH-05', '', '', 'Ville-Marie', 'Photographie', 364, 0),
(521, 1835, 'Le roi Singe', NULL, 'Art public', 'Beaux-arts', 'Achat', '/Date(441781200000-0500)/', 'B√©ton', NULL, 'Coul√©; assembl√©; moul√©', '550 x 400 x 21 cm', 'De la Gaucheti√®re', NULL, NULL, '45.506907', '-73.560590', NULL, '902215.0', '', '', 'Ville-Marie', 'Sculpture', 366, 0),
(522, 1837, 'Le spectacle de la curiosit√©', NULL, 'Int√©gration √† l''architecture', 'Beaux-arts', 'Int√©gration des arts √† l''architecture', '/Date(894859200000-0400)/', 'Bois; verre; m√©tal; papier', 'bois, verre et m√©tal', 'Impression sur papier ilfochrome', '260 x 800 cm', NULL, 'Maison de la culture d''Ahuntsic - Cartierville', '10 300 rue Lajeunesse, 1er √©tage, Montr√©al (Qu√©bec), H3L 2E5 ', '45.553357', '-73.662743', NULL, '1998-IN-05', '', '', 'Ahuntsic-Cartierville', 'Photographie', 367, 0),
(523, 1838, 'Espace vert', NULL, 'Art public', 'Beaux-arts', 'Commande publique de la Ville de Montr√©al (Concou', '/Date(1151380800000-0400)/', 'Aluminium; verre; acier inoxydable; acrylique', 'Plexiglas', 'Impressions num√©riques mont√©es √† froid sur supp', '215 x 450 x 36', 'Parc Pierre-Elliott-Trudeau', 'Centre communautaire interg√©n√©rationnel d''Outremont', '999, avenue McEachran, Montr√©al (QC) H2V 3E6', '45.519579', '-73.619247', NULL, '2006-PH-02', '', '', 'Outremont', 'Photographie', 367, 0),
(525, 1840, 'Monument √† Louis Cyr', NULL, 'Art public', 'Beaux-arts', 'Don', '/Date(31554000000-0500)/', 'Bronze; granit; b√©ton', NULL, 'Bronze coul√©; cire perdue', '440  x 183  x 180 cm', 'Parc des Hommes-Forts', NULL, NULL, '45.475382', '-73.593225', NULL, '730929.0', '', '', 'Le Sud-Ouest', 'Sculpture', 370, 0),
(526, 1842, 'Le serment de Dollard des Ormeaux et de ses compagnons', NULL, 'Int√©gration √† l''architecture', 'Beaux-arts', 'Achat', '/Date(-1212091200000-0400)/', NULL, NULL, NULL, NULL, 'Parc du Mont-Royal', 'Chalet du parc du Mont-Royal', '1196 Voie Camillien Houde, Montr√©al, QC H3H 1A1', '45.503965', '-73.587328', NULL, '1931-IA-PE-0014', '', '', 'Ville-Marie', 'Peinture', 371, 0),
(527, 1843, 'Monument √† Jean-Olivier Ch√©nier', NULL, 'Art public', 'Beaux-arts', 'Don par souscription publique', '/Date(-2366737200000-0500)/', 'Cuivre; granit; r√©sine', NULL, 'Sculpture de cuivre form√©; soudure √† l''√©tain.', '400 x 100 x 100 cm', 'Square Viger', NULL, NULL, '45.511042', '-73.554960', NULL, '905189.5', '', '', 'Ville-Marie', 'Sculpture', 372, 0),
(528, 1851, 'Sans titre', 'Non titr√©e (SISM-64)', 'Art public', 'Beaux-arts', 'Achat', '/Date(-120596400000-0500)/', 'Calcaire; b√©ton ', NULL, 'Sculpt√©', '348 x 335 x 267 cm', 'Parc du Mont-Royal', NULL, NULL, '45.499994', '-73.594489', NULL, '902233.0', '', '', 'Ville-Marie', 'Sculpture', 373, 0),
(529, 1853, 'Maisonneuve √©rige une croix sur la montagne', NULL, 'Int√©gration √† l''architecture', 'Beaux-arts', 'Achat', '/Date(-1212091200000-0400)/', NULL, NULL, NULL, NULL, 'Parc du Mont-Royal', 'Chalet du parc du Mont-Royal', '1196 Voie Camillien Houde, Montr√©al, QC H3H 1A1', '45.503995', '-73.587278', NULL, '1931-IA-PE-0015', '', '', 'Ville-Marie', 'Peinture', 374, 0),
(530, 1854, 'Monument √† Isabelle la Catholique', NULL, 'Art public', 'Beaux-arts', 'Don', '/Date(-347137200000-0500)/', 'Bronze; cuivre; granit', NULL, 'Bronze coul√©', '293 x 152.5 x 107 cm', 'Parc Sir-Wilfrid-Laurier', NULL, NULL, '45.531079', '-73.586023', NULL, '900922.0', '', '', 'Le Plateau-Mont-Royal', 'Sculpture', 375, 0),
(533, 1860, 'Explorer', NULL, 'Art public', 'Beaux-arts', 'Transfert', '/Date(807336000000-0400)/', 'Acier brut; acier inoxydable; r√©sine; fibre de ve', NULL, 'Soud√©; boulonn√©; d√©coup√©; moul√©', '484 x 178 x 212 cm', 'Parc Ren√©-L√©vesque', NULL, NULL, '45.428890', '-73.680853', NULL, '2002-SC-40', '', '', 'Lachine', 'Sculpture', 378, 0),
(534, 1865, 'Sans titre', 'Non titr√©e (SISM-64)', 'Art public', 'Beaux-arts', 'Achat', '/Date(-119214000000-0500)/', 'Calcaire', NULL, 'Sculpt√©', '336 x 117 x 178 cm', 'Parc du Mont-Royal', NULL, NULL, '45.500025', '-73.594055', NULL, '1966-APE-SC-14', '', '', 'Ville-Marie', 'Sculpture', 379, 0),
(537, 1872, 'Le phare d''Archim√®de', NULL, 'Art public', 'Beaux-arts', 'Transfert', '/Date(1009861200000-0500)/', 'Granit; acier; n√©on', NULL, 'Meul√©; ciment√©', '750 x 1000 x 1050 cm', 'Parc Ren√©-L√©vesque', NULL, NULL, '45.429161', '-73.688205', NULL, '1986-APE-SC-05', '', '', 'Lachine', 'Installation', 382, 0),
(538, 1874, 'Le d√©jeuner sur l‚Äôherbe', NULL, 'Art public', 'Beaux-arts', 'Transfert', '/Date(757400400000-0500)/', 'Granit; pierre indiana; b√©ton; bronze', NULL, 'Taill√©; polissage; tourn√©; coul√©; patin√©', '300 x 900 x 1308 cm', 'Parc Ren√©-L√©vesque', NULL, NULL, '45.428482', '-73.677576', NULL, '2002-SC-42', '', '', 'Lachine', 'Installation', 382, 0),
(539, 1876, 'Girafes', 'Non titr√©e', 'Art public', 'Beaux-arts', 'Achat', '/Date(-18993600000-0400)/', 'Acier', NULL, 'Assembl√©; soud√©; peint', '11,8 x 3 m', 'Parc Jean-Drapeau, √éle Sainte-H√©l√®ne', NULL, NULL, '45.520049', '-73.532032', NULL, '1967-SC-20', '', '', 'Ville-Marie', 'Sculpture', 384, 0),
(540, 1878, 'Migration', NULL, 'Art public', 'Beaux-arts', 'Don', '/Date(-63140400000-0500)/', 'Fonte', NULL, 'Coul√©; boulonn√©', '465 x 230 x 400 cm', 'Parc Jean-Drapeau, √éle Sainte-H√©l√®ne', NULL, NULL, '45.514075', '-73.534655', NULL, '901609.0', '', '', 'Ville-Marie', 'Sculpture', 384, 0),
(541, 1880, 'Hommage √† Ren√© L√©vesque', NULL, 'Art public', 'Beaux-arts', 'Transfert', '/Date(1009861200000-0500)/', 'Ciment; acier inoxydable; verre', NULL, 'Ciment moul√©', '518 x 1829 x 457 cm', 'Parc Ren√©-L√©vesque', NULL, NULL, '45.428749', '-73.687124', NULL, '1988-SC-03', '', '', 'Lachine', 'Sculpture', 384, 0),
(542, 1882, 'Lieu', 'Fleur d''hiver\rSans titre', 'Art public', 'Beaux-arts', 'Transfert', '/Date(632120400000-0500)/', 'B√©ton arm√©', NULL, 'Moul√©; assembl√©', '700 x 914 cm', 'Parc No√´l-Sud', NULL, NULL, '45.516350', '-73.725394', NULL, '2002-SC-70', '', '', 'Saint-Laurent', 'Sculpture', 384, 0),
(543, 1885, 'Les promeneurs', NULL, 'Art public', 'Beaux-arts', 'Transfert', '/Date(1009861200000-0500)/', 'Acier', NULL, NULL, '592 x 190 x 812', 'Parc Saint-Laurent', NULL, NULL, '45.527273', '-73.686882', NULL, '1990-APE-SC-08', '', '', 'Saint-Laurent', 'Sculpture', 388, 0),
(544, 1887, 'Trampolino', NULL, 'Art public', 'Beaux-arts', 'Transfert', '/Date(1009861200000-0500)/', 'Acier inoxydable, acier Corten', NULL, 'Soud√©; assembl√©', '350 x 600', NULL, 'Centre L√©onard de Vinci', '8371, boulevard Lacordaire, Montr√©al', '45.585723', '-73.596644', NULL, '2001-APE-SC-06', '', '', 'Saint-L√©onard', 'Sculpture', 389, 0),
(545, 1889, 'Dex', NULL, 'Art public', 'Beaux-arts', 'Transfert', '/Date(1009861200000-0500)/', 'Acier; ciment', NULL, 'Assembl√©; soud√©; perc√©', '148 x 503 x 730 cm', 'Parc du mus√©e de Lachine', 'Mus√©e de Lachine', '1, chemin du Mus√©e, Lachine (Qu√©bec) H8S 4L9', '45.430429', '-73.666229', NULL, '2002-SC-23', '', '', 'Lachine', 'Sculpture', 390, 0),
(546, 1891, 'Affinit√©s', NULL, 'Art public', 'Beaux-arts', 'Inconnu', NULL, 'Cuivre; granit', NULL, 'Assembl√©; soud√©; martel√©; d√©coup√©; patin√©', '268 x 160 x 150 cm', 'Place Upper-Trafalgar', NULL, NULL, '45.495832', '-73.596190', NULL, '902200.0', '', '', 'Ville-Marie', 'Sculpture', 391, 0),
(547, 1893, 'Puerta de la Amistad', NULL, 'Art public', 'Beaux-arts', 'Don', '/Date(792824400000-0500)/', 'Acier peint', NULL, NULL, '750 x 120 x 570 cm', 'Parc Jean-Drapeau, √éle Sainte-H√©l√®ne', NULL, NULL, '45.511015', '-73.533386', NULL, '951358.0', '', '', 'Ville-Marie', 'Sculpture', 392, 0),
(548, 1895, 'Monument √† Norman Bethune', NULL, 'Art public', 'Beaux-arts', 'Don', '/Date(229752000000-0400)/', 'Marbre; granit', 'Pierre', 'Taille directe', '380 x 100 x 100 cm', 'Place Norman-Bethune', NULL, NULL, '45.495970', '-73.579460', NULL, '770958.0', '', '', 'Ville-Marie', 'Sculpture', 393, 0),
(549, 1897, 'Sans titre', 'Non titr√©e (SISM-64)', 'Art public', 'Beaux-arts', 'Achat', '/Date(-120596400000-0500)/', 'Marbre', NULL, 'Taille directe', '274 x 127 x 81 cm', 'Parc du Mont-Royal', NULL, NULL, '45.500500', '-73.594335', NULL, '902235.0', '', '', 'Ville-Marie', 'Sculpture', 394, 0),
(550, 1899, 'Les s≈ìurs cardinales', 'Les s≈ìurs cardinales (SISM-64)', 'Art public', 'Beaux-arts', 'Achat', '/Date(-120596400000-0500)/', 'Marbre; granit', NULL, 'Taille directe', '440 x 360 x 100', 'Parc du Mont-Royal', NULL, NULL, '45.499881', '-73.594816', NULL, '902236.0', '', '', 'Ville-Marie', 'Sculpture', 395, 0),
(551, 1901, 'L''ange de pierre', 'L''ange de pierre, (SISM-64)', 'Art public', 'Beaux-arts', 'Achat', '/Date(-119214000000-0500)/', 'Marbre; b√©ton', NULL, 'Sculpt√©', '208 x 152cm', 'Parc du Mont-Royal', NULL, NULL, '45.500421', '-73.593759', NULL, '1964-SC-01', '', '', 'Ville-Marie', 'Sculpture', 396, 0),
(552, 1912, 'Non titr√©', NULL, 'Art public', 'Beaux-arts', 'Inconnu', NULL, 'Bronze', NULL, 'Coul√©', '445 x 600 x 600 cm', 'Parc Ladauversi√®re', NULL, NULL, '45.582048', '-73.582485', NULL, '1986-AP-SC-0010', '', '', 'Saint-L√©onard', 'Sculpture', 397, 0),
(553, 1913, 'La fondation de Montr√©al est d√©cid√©e √† Paris', NULL, 'Int√©gration √† l''architecture', 'Beaux-arts', 'Achat', '/Date(-1212091200000-0400)/', NULL, NULL, NULL, NULL, 'Parc du Mont-Royal', 'Chalet du parc du Mont-Royal', '1196 Voie Camillien Houde, Montr√©al, QC H3H 1A1', '45.504020', '-73.587238', NULL, '1931-IA-PE-0016', '', '', 'Ville-Marie', 'Peinture', 398, 0),
(554, 1914, 'Polaris en lumi√®re', NULL, 'Art public', 'Beaux-arts', 'Commande √† l''artiste', '/Date(1328072400000-0500)/', 'Lumi√®re', NULL, 'Image lumineuse projett√©e au sol', NULL, 'Place d''Armes', NULL, NULL, '45.504636', '-73.557128', NULL, '2013-AP-MU-0003', '', '', 'Ville-Marie', 'Multim√©dia', 399, 0),
(555, 1916, '√âquinoxe', NULL, 'Art public', 'Beaux-arts', 'Don', '/Date(820472400000-0500)/', 'Granit; acier inoxydable', NULL, 'Grav√©; incrust√©', '248 x 200', 'Promenade de la Commune', NULL, NULL, '45.508180', '-73.551290', NULL, '2013-AP-IN-0002', '', '', 'Ville-Marie', 'Installation', 399, 0),
(556, 1917, 'Force', NULL, 'Art public', 'Beaux-arts', 'Transfert', '/Date(566715600000-0500)/', 'B√©ton, granit; eau; c√©ramique', NULL, NULL, '330 x 2900 x 4500 cm', 'Square Viger', NULL, NULL, '45.512625', '-73.553821', NULL, '900982.0', '', '', 'Ville-Marie', 'Sculpture', 401, 0),
(559, 1923, 'Dollard des Ormeaux meurt √† Long-Sault pour sauver la colonie', NULL, 'Int√©gration √† l''architecture', 'Beaux-arts', 'Achat', '/Date(-1212091200000-0400)/', NULL, NULL, NULL, NULL, 'Parc du Mont-Royal', 'Chalet du parc du Mont-Royal', '1196 Voie Camillien Houde, Montr√©al, QC H3H 1A1', '45.504105', '-73.587259', NULL, '1931-IA-PE-0017', '', '', 'Ville-Marie', 'Peinture', 404, 0),
(560, 1924, 'Buste de Jos√© de San Martin', NULL, 'Art public', 'Beaux-arts', 'Don', NULL, 'Bronze; Gr√®s ', NULL, 'Fonte √† la cire perdue', '276 x 105.5 x 95 cm', 'Parc Hector-Toe-Blake', NULL, NULL, '45.489365', '-73.580891', NULL, '2000-SC-09', '', '', 'Ville-Marie', 'Sculpture', 405, 0),
(561, 1926, 'Spatio-mobile #1', NULL, 'Art public', 'Beaux-arts', 'Transfert', '/Date(1009861200000-0500)/', 'Acier', NULL, 'Soud√©, peint', '176 x 135 x 150 cm', 'Parc du mus√©e de Lachine', 'Mus√©e de Lachine', '1, chemin du Mus√©e, Lachine (Qu√©bec) H8S 4L9', '45.430317', '-73.666315', NULL, '2002-SC-24', '', '', 'Lachine', 'Sculpture', 406, 0),
(562, 1928, 'Le phare du Cosmos', 'Phare cosmique', 'Art public', 'Beaux-arts', 'Don', '/Date(198216000000-0400)/', 'Acier', NULL, 'Taille; soud√©', '960 x 280 cm', 'Parc Jean-Drapeau, √éle Sainte-H√©l√®ne', NULL, NULL, '45.509335', '-73.532705', NULL, '761308.0', '', '', 'Ville-Marie', 'Sculpture', 406, 0),
(563, 1930, 'Parvis et portail #22', 'Place de l''an 2000', 'Art public', 'Beaux-arts', 'Transfert', '/Date(1009861200000-0500)/', 'Aluminium; acier', NULL, 'Soud√©; poli', '492 x 575 x 1000 cm', 'Place de l‚Äôan 2000', NULL, NULL, '45.516024', '-73.679906', NULL, '2000-APE-SC-05', '', '', 'Saint-Laurent', 'Installation', 406, 0),
(564, 1932, 'La force', 'La force (SISM-64) \rNon titr√©e (SISM-64)', 'Art public', 'Beaux-arts', 'Achat', '/Date(-119214000000-0500)/', 'Fonte', NULL, 'Coul√©; moul√©', '244 x 533 x 275 cm', 'Parc du Mont-Royal', NULL, NULL, '45.500095', '-73.595506', NULL, '642238.0', '', '', 'Ville-Marie', 'Sculpture', 409, 0),
(565, 1934, 'La sainte Trinit√©', 'Holy Trinity', 'Art public', 'Beaux-arts', 'D√©p√¥t', '/Date(-157748400000-0500)/', 'Fonte; √©poxy; acier', NULL, 'Moul√©; soud√©; peint (?)', '130 x 90 x 165', 'Square Saint-Louis', NULL, NULL, '45.517612', '-73.569411', NULL, '902216.0', '', '', 'Le Plateau-Mont-Royal', 'Sculpture', 409, 0),
(567, 1938, 'Sans titre', 'Non titr√©e (square Saint-Louis)\rLe chien du Qu√©bec', 'Art public', 'Beaux-arts', 'D√©p√¥t', '/Date(63090000000-0500)/', 'Fonte; peinture', NULL, 'Coul√©; peint', '97 x 167 x 183 cm', 'Square Saint-Louis', NULL, NULL, '45.517421', '-73.569295', NULL, '902217.0', '', '', 'Le Plateau-Mont-Royal', 'Sculpture', 409, 0),
(568, 1940, 'Justice et paix', NULL, 'Art public', 'Beaux-arts', 'Transfert', '/Date(504939600000-0500)/', 'Calcite; acier; peinture', NULL, 'Taill√©; sculpt√©; grav√©; peint', '360 x 300 x 570 cm', 'Parc Saint-L√©onard', NULL, NULL, '45.586578', '-73.595143', NULL, '1986-APE-SC-06', '', '', 'Saint-L√©onard', 'Sculpture', 409, 0),
(569, 1942, 'L''argoulet', NULL, 'Art public', 'Beaux-arts', 'Transfert', '/Date(1009861200000-0500)/', 'Granit', NULL, 'Sculpt√©; taill√©; poli; assembl√©', '550 x 130 x 242', 'Parc Labelle', NULL, NULL, '45.472525', '-73.570481', NULL, '1985-APE-SC-05', '', '', 'Verdun', 'Sculpture', 414, 0),
(570, 1944, 'Les cariatides', NULL, 'Art public', 'Beaux-arts', 'Transfert', NULL, 'Acier; granit; gravier; v√©g√©taux.', NULL, 'D√©coup√©; coll√©; boulonn√©; taill√©; peint; plan', '262 x 610 x 1723 cm', 'Parc Ren√©-L√©vesque', NULL, NULL, '45.428688', '-73.684251', NULL, '2002-SC-44', '', '', 'Lachine', 'Installation', 414, 0),
(571, 1946, 'Les dos blancs', NULL, 'Art public', 'Beaux-arts', 'Transfert', NULL, 'Calcaire; granit; aluminium; ciment', NULL, 'Techniques multiples', '251 x 350 x 930 cm', 'Parc Caron', NULL, NULL, '45.521679', '-73.671706', NULL, '1990-APE-SC-06', '', '', 'Saint-Laurent', 'Installation', 414, 0),
(572, 1948, 'Le portage', NULL, 'Art public', 'Beaux-arts', 'Transfert', '/Date(1009861200000-0500)/', 'Acier; granit; briques; pigments; v√©g√©taux', NULL, 'Taill√©; sculpt√©; grav√©; boulonn√©e; coll√©', '265 x 260 x 800 cm', 'Parc Summerlea', NULL, NULL, '45.437485', '-73.714281', NULL, '2002-SC-58', '', '', 'Lachine', 'Installation', 414, 0),
(574, 1951, 'Story Rock', NULL, 'Art public', 'Beaux-arts', 'Transfert', '/Date(1009861200000-0500)/', 'Pierre', NULL, NULL, '244 x 240 x 220 cm', 'Parc Ren√©-L√©vesque', NULL, NULL, '45.428096', '-73.677199', NULL, '2002-SC-46', '', '', 'Lachine', 'Sculpture', 419, 0),
(575, 1953, 'Le navigateur', NULL, 'Art public', 'Beaux-arts', 'Transfert', NULL, 'Granit', NULL, 'Grav√©', '350 x 620 x 245 cm', 'Parc Summerlea', NULL, NULL, '45.438513', '-73.719208', NULL, '2002-SC-59', '', '', 'Lachine', 'Sculpture', 419, 0),
(576, 1955, 'Vortexit II', 'Vortexit 2', 'Art public', 'Beaux-arts', 'Commande √† l''artiste', '/Date(1234155600000-0500)/', 'Granit; gravier', NULL, 'Assembl√©; grav√©; fix√©', '270 x 1050 x 1440 cm', 'Parc Ren√©-L√©vesque', NULL, NULL, '45.428603', '-73.678586', NULL, '2009-IN-06', '', '', 'Lachine', 'Sculpture', 419, 0),
(577, 1957, 'Non titr√© (Traitement pictural au plafond de l''ancien bureau du conservateur)', 'Traitement pictural au plafond de l''ancien bureau du conservateur', 'Int√©gration √† l''architecture', 'Beaux-arts', NULL, NULL, NULL, NULL, NULL, NULL, NULL, '√âdifice Gaston-Miron', '1210, rue Sherbrooke Est, Montr√©al (Qu√©bec) H2L 1L9', '45.522741', '-73.565331', NULL, '1931-IA-PE-0018', '', '', 'Ville-Marie', 'Peinture', 422, 0),
(578, 1958, 'Murale ext√©rieure', 'Non titr√©e', 'Int√©gration √† l''architecture', 'Arts d√©coratifs', 'Int√©gration des arts √† l''architecture', NULL, 'M√©tal, pigments', NULL, NULL, '183 x 361,5 cm', 'Parc du Mont-Royal', 'Pavillon du lac aux Castors', '2000, chemin Remembrance, Montr√©al (Qu√©bec) H3H 1A2', '45.498526', '-73.599161', NULL, '2006-IA-EM-0001', '', '', 'Ville-Marie', '√âmaux', 423, 0),
(580, 1962, 'Monument √† Jacques Cartier', NULL, 'Art public', 'Beaux-arts', 'Transfert', '/Date(-2415643200000-0400)/', 'Bronze; acier; fonte de fer.', NULL, 'Statue originale : cuivre repouss√©-estamp√©; Stat', '9.14 m (h) x 3.6 m (diam√®tre)', 'Square Saint-Henri', NULL, NULL, '45.480058', '-73.586269', NULL, '050903.0', '', '', 'Le Sud-Ouest', 'Sculpture', 425, 0),
(582, 1966, 'Monument √† sir John A. Macdonald', NULL, 'Art public', 'Beaux-arts', 'Don par souscription publique', '/Date(-2353262400000-0400)/', 'Bronze; granit', NULL, NULL, '1800 x 486 x 432 cm', 'Place du Canada', NULL, NULL, '45.498786', '-73.569638', NULL, '1895-APE-SC-01', '', '', 'Ville-Marie', 'Sculpture', 427, 0),
(583, 1968, 'Wind Boat', 'Bateau √† vent', 'Art public', 'Beaux-arts', 'Transfert', '/Date(1009861200000-0500)/', 'Acier galvanis√©; aluminium', NULL, 'Assembl√©; imbriqu√©', '762 x 183 x 148 cm', 'Boulevard LaSalle', NULL, NULL, '45.432687', '-73.588115', NULL, '1990-APE-SC-11', '', '', 'LaSalle', 'Sculpture', 428, 0),
(584, 1970, 'The Passing Song', 'Passing Song, The', 'Art public', 'Beaux-arts', 'Transfert', '/Date(694242000000-0500)/', 'Acier brut, b√©ton', NULL, NULL, '456 x 744 cm', 'Parc Ren√©-L√©vesque', NULL, NULL, '45.428971', '-73.681205', NULL, '2002-SC-47', '', '', 'Lachine', 'Installation', 428, 0),
(586, 1974, 'Sans titre', 'Non titr√©e (SISM-64)', 'Art public', 'Beaux-arts', 'Achat', '/Date(-119214000000-0500)/', 'Calcaire', NULL, 'Sculpt√©', '197 x 102 x 84 cm', 'Parc du Mont-Royal', NULL, NULL, '45.499908', '-73.594361', NULL, '1965-APE-SC-04', '', '', 'Ville-Marie', 'Sculpture', 431, 0),
(587, 1976, 'Monument √† la reine Victoria', NULL, 'Art public', 'Beaux-arts', 'Don par souscription publique', '/Date(-3092583600000-0500)/', 'Bronze; granit', NULL, NULL, '1190 x 437.5 x 437.5 cm', 'Square Victoria', NULL, NULL, '45.501421', '-73.561586', NULL, '1872-APE-SC-01', '', '', 'Ville-Marie', 'Sculpture', 432, 0),
(588, 2994, 'L''√©treinte', NULL, 'Art public', 'Beaux-arts', 'Commande publique de la Ville de Montr√©al', '/Date(1320728400000-0500)/', 'Aluminium; granit', NULL, 'Aluminium: d√©coup√©; pli√©; soud√© et assembl√©. ', 'Les diff√©rents ensemble de l''installation sont r√', 'Parc Paul-Dozois', NULL, 'Devant l''entr√©e du 250, boul. de Maisonneuve est', '45.512386', '-73.563593', NULL, '2011-AP-IN-0014', '', '', 'Ville-Marie', 'Installation', 433, 0),
(590, 3096, 'Hommage √† l''esprit sportif', NULL, 'Int√©gration √† l''architecture', 'Arts d√©coratifs', 'Int√©gration des arts √† l''architecture', NULL, 'C√©ramique ?', NULL, NULL, NULL, NULL, 'Ar√©na Garon', '11212 Rue Garon, Montr√©al-Nord, QC', '45.594994', '-73.637955', NULL, '1990-IA-CE-0001', '', '', 'Montr√©al-Nord', 'C√©ramique', 435, 0),
(591, 3097, 'La Bourrasque', NULL, 'Int√©gration √† l''architecture', 'Beaux-arts', 'Int√©gration des arts √† l''architecture', '/Date(1289365200000-0500)/', 'Acier inoxydable', NULL, 'D√©coupe au laser', '2700 x 570 cm', NULL, 'Biblioth√®que du Bois√©', '2727 Boulevard Thimens, Montr√©al, QC H4R 1T4', '45.504072', '-73.705185', NULL, '2010-IA-SC-0001', '', '', 'Saint-Laurent', 'Sculpture', 436, 0),
(592, 3098, 'Voiles', 'Voile I & Voile II', 'Art public', 'Beaux-arts', 'Transfert', '/Date(1009861200000-0500)/', 'Acier inoxydable', NULL, 'Poli, finition effectu√©e par meuleuse √† disque (', '488 x 310 x 10 cm\r488 x 275 x 13 cm', 'Boulevard Albert-Brosseau', NULL, NULL, '45.603186', '-73.642556', NULL, '1990-APE-SC-14', '', '', 'Montr√©al-Nord', 'Sculpture', 437, 0),
(594, 3104, 'Carrefour', NULL, 'Int√©gration √† l''architecture', 'Beaux-arts', 'Int√©gration des arts √† l''architecture', '/Date(1359003600000-0500)/', 'Bronze; acier inoxydable', NULL, 'Moulage; assemblage', NULL, NULL, 'La Station (Maison interg√©n√©rationnelle)', '201, rue Berlioz, Verdun (Qu√©bec) H3C 1C1', '45.460134', '-73.544592', NULL, '2013-IA-SC-0001', '', '', 'Verdun', 'Sculpture', 439, 0),
(595, 3107, 'Kate & Nora', NULL, 'Art public', 'Beaux-arts', 'Don', '/Date(1376971200000-0400)/', 'Acier inoxydable', NULL, NULL, '100 x 90 x 45 cm', 'Place Kate-McGarrigle', NULL, NULL, '45.517594', '-73.597311', NULL, '2013-AP-IN-0001', '', '', 'Outremont', 'Installation', 440, 0),
(596, 5143, 'COSMOTOME NO 7, OH HOMME !', NULL, 'Art public', 'Beaux-arts', 'Commande √† l''artiste', '/Date(1388552400000-0500)/', NULL, NULL, NULL, NULL, 'Parc Jean-Drapeau, √éle Sainte-H√©l√®ne', NULL, '200, chemin du Tour-de-d''√Æsle, Montreal, QC, H3C 4G8', '45.515301', '-73.530778', NULL, '2014-AP-SC-0001', '', '', 'Ville-Marie', 'Sculpture', 441, 0),
(598, 6680, 'La v√©locit√© des lieux', 'La grande roue', 'Art public', 'Beaux-arts', 'Commande publique de la Ville de Montr√©al (Concou', '/Date(1434686400000-0400)/', 'Aluminium, acier galvanis√©, acier inoxydable, ple', NULL, 'Assemblage', '19 x 16 x 13 m', 'Carrefour Henri-Bourassa‚ÄìPie-IX', NULL, NULL, '45.596262', '-73.642587 ', NULL, '2015-AP-SC-0003', '', '', 'Montr√©al-Nord', 'Sculpture', 443, 0);

-- --------------------------------------------------------

--
-- Estrutura da tabela `soumission`
--

CREATE TABLE IF NOT EXISTS `soumission` (
  `id` int(11) NOT NULL AUTO_INCREMENT,
  `titre` varchar(100) CHARACTER SET latin1 NOT NULL,
  `nomCollection` varchar(50) CHARACTER SET latin1 DEFAULT NULL,
  `categorieObjet` varchar(50) CHARACTER SET latin1 DEFAULT NULL,
  `modeAcquisition` varchar(50) CHARACTER SET latin1 DEFAULT NULL,
  `dateAccession` varchar(50) CHARACTER SET latin1 DEFAULT NULL,
  `materiaux` varchar(50) CHARACTER SET latin1 DEFAULT NULL,
  `support` varchar(50) CHARACTER SET latin1 DEFAULT NULL,
  `technique` varchar(50) CHARACTER SET latin1 DEFAULT NULL,
  `dimensionsGenerales` varchar(50) CHARACTER SET latin1 DEFAULT NULL,
  `parc` varchar(50) CHARACTER SET latin1 DEFAULT NULL,
  `batiment` varchar(50) CHARACTER SET latin1 DEFAULT NULL,
  `adresseCivique` varchar(50) CHARACTER SET latin1 DEFAULT NULL,
  `coordonneeLatitude` varchar(50) CHARACTER SET latin1 DEFAULT NULL,
  `coordonneeLongitude` varchar(50) CHARACTER SET latin1 DEFAULT NULL,
  `mediums` varchar(50) CHARACTER SET latin1 DEFAULT NULL,
  `numeroAccession` varchar(20) CHARACTER SET latin1 DEFAULT NULL,
  `description` varchar(2000) CHARACTER SET latin1 DEFAULT NULL,
  `urlImage` varchar(50) CHARACTER SET latin1 DEFAULT NULL,
  `arrondissement` varchar(50) CHARACTER SET latin1 DEFAULT NULL,
  `categorie` varchar(20) CHARACTER SET latin1 DEFAULT NULL,
  `nomArtiste` varchar(50) CHARACTER SET latin1 DEFAULT NULL,
  `prenomArtiste` varchar(50) CHARACTER SET latin1 DEFAULT NULL,
  `nomCollectif` varchar(50) CHARACTER SET latin1 DEFAULT NULL,
  `biographie` varchar(2000) CHARACTER SET latin1 DEFAULT NULL,
  PRIMARY KEY (`id`),
  UNIQUE KEY `id` (`id`)
) ENGINE=InnoDB DEFAULT CHARSET=utf8 AUTO_INCREMENT=1 ;

/*!40101 SET CHARACTER_SET_CLIENT=@OLD_CHARACTER_SET_CLIENT */;
/*!40101 SET CHARACTER_SET_RESULTS=@OLD_CHARACTER_SET_RESULTS */;
/*!40101 SET COLLATION_CONNECTION=@OLD_COLLATION_CONNECTION */;
